UDISE Code,School Name,Report Date,Timestamp,Total Student Enrolment without Aadhaar,Total Aadhaar Based Student Enrolment,Kitchen Sheds Available,Conditions of Kitchen Sheds,Kitchen Device Available,Conditions of Kitchen Device,Food Grain Available,Food Grain Unavailable Reason,No of Cook Engaged,Reason if cook not Available,Best Practices Adopted,Name the Best Practices,Nutrition Kitchen Grade,Types of Vegetables Grown,School Fencing Facilities,Handwashing Facilities,Drinking Water Facilities,Source of Water Facilities,Tithi Bhojan Celebrated,"If Yes, How Many Days",No. of Children Benefited,Monthly School Introspection,Monthly School Inspection
17010105501,BOLBOKGRE GOVT. LP SCHOOL,2025-12-03,12:11:20,18,9,Yes,Good Condition,Yes,Good Condition,Yes,-,Yes,-,Yes,-,-,-,No,Yes,Yes,Yes,,,27,,
17110215701,BOLCHUGRE LPS,2025-12-01,13:25:04,20,15,Yes,Need Minor Repair,Yes,Need Replacement,Yes,-,Yes,-,No,-,-,-,No,No,No,No,,,35,,
17010105401,BOLLONGGRE GOVT. LPS,2025-12-05,14:01:55,16,2,Yes,Need Major Repair,Yes,Need Replacement,Yes,-,Yes,-,No,-,-,-,No,No,No,Yes,,,18,,
17110219602,BOLLONGGRE GOVT. LPS,2025-12-01,10:14:53,11,43,Yes,Need Store Room,Yes,Good Condition,Yes,-,Yes,-,Yes,-,-,-,No,No,No,Yes,,,54,,
17110101001,CHIGITCHAKGRE GOVT. LPS,2025-12-01,09:09:04,9,13,Yes,Need Major Repair,Yes,Need Replacement,Yes,-,Yes,-,No,-,-,-,,,,,,,22,,
17040207202,LAMJINGSHAI LPS,2025-12-02,13:01:18,19,42,Yes,Need Minor Repair,Yes,Need Replacement,Yes,-,Yes,-,Yes,-,-,-,No,No,Yes,Yes,,,61,,
17090103003,LITTLE FLOWER UPS,2025-12-03,10:43:11,36,53,Yes,Good Condition,Yes,Good Condition,Yes,-,Yes,-,No,-,-,-,Yes,Yes,Yes,Yes,,,89,,
17070113001,LUMROT LPS,2025-12-01,09:54:33,0,7,Yes,Need Replacement,Yes,Need Replacement,Yes,-,Yes,-,Yes,-,-,-,No,Yes,No,No,,,7,,
17070113002,LUMROT LPS,2025-12-02,12:06:17,0,0,Yes,Good Condition,Yes,Need Replacement,Yes,-,Yes,-,Yes,-,-,-,No,Yes,No,Yes,,,0,,
17110107801,MANDAGRE LPS,2025-12-03,08:14:04,6,16,Yes,Need Replacement,Yes,Good Condition,Yes,-,Yes,-,No,-,-,-,No,No,No,No,,,22,,
17100116703,MAWTHADSOHRIEW LPS,2025-12-01,12:58:37,5,15,Yes,Need Replacement,Yes,Good Condition,Yes,-,Yes,-,Yes,-,-,-,No,No,No,No,,,20,,
17070111001,NONGDHAR LPS,2025-12-02,11:02:46,7,26,Yes,Good Condition,Yes,Need Replacement,Yes,-,Yes,-,Yes,-,-,-,No,No,No,No,,,33,,
17060100906,PDENGSHNONG LPS,2025-12-01,10:15:32,37,19,Yes,Need Minor Repair,Yes,Need Replacement,Yes,-,Yes,-,No,-,-,-,No,No,No,No,,,56,,
17100212701,25 MILE PRES LPS,2025-12-04,09:19:56,15,4,No,Fully Damaged,No,Need Replacement,Yes,-,Yes,-,No,-,-,-,No,No,Yes,Yes,,,19,,
17010134303,ABIMA GOVT. L.P.S.,2025-12-04,09:20:18,5,46,Yes,Need Major Repair,Yes,Need Replacement,Yes,-,Yes,-,Yes,-,-,-,No,Yes,Yes,Yes,,,51,,
17110102502,AGALGRE UPS,2025-12-04,09:15:12,4,38,Yes,Need Store Room,Yes,Good Condition,Yes,-,Yes,-,Yes,-,-,-,,,,,,,42,,
17010410602,AGURAGRE SECONDARY SCHOOL (SSA),2025-12-04,11:59:09,19,110,Yes,Need Store Room,No,Need Replacement,Yes,-,Yes,-,Yes,-,-,-,No,No,No,Yes,,,129,,
17010203701,AIGRE SONGGITCHAM GOVT. LPS,2025-12-04,11:22:39,42,42,Yes,Need Store Room,No,Need Replacement,Yes,-,Yes,-,Yes,-,-,-,No,No,No,Yes,,,84,,
17070202503,ALBERT IAKAI MEMO LPS SHANGPUNG,2025-12-02,10:29:27,6,21,Yes,Good Condition,Yes,Good Condition,Yes,-,Yes,-,Yes,-,-,-,Yes,Yes,Yes,Yes,,,27,,
17070202512,ALBERT IAKAI MEMORIAL UPS,2025-12-02,10:28:30,2,35,Yes,Good Condition,Yes,Good Condition,Yes,-,Yes,-,Yes,-,-,-,Yes,Yes,Yes,Yes,,,37,,
17110122201,ALLABAGRE SONGGITCHAM LPS,2025-12-01,09:24:13,1,10,Yes,Need Major Repair,Yes,Need Replacement,Yes,-,Yes,-,Yes,-,-,-,,,,,,,11,,
17110100305,AMPATI SONGGITTAL SSA LPS,2025-12-01,08:34:43,3,16,Yes,Need Major Repair,Yes,Good Condition,Yes,-,Yes,-,No,-,-,-,No,Yes,Yes,Yes,,,19,,
17110116902,AMPATIHAT GOVT. LPS,2025-12-01,08:12:51,0,14,Yes,Need Replacement,No,Need Replacement,Yes,-,Yes,-,Yes,-,-,-,Yes,No,No,No,,,14,,
17070302301,AMSYRWAI LPS,2025-12-03,08:53:06,0,2,Yes,Good Condition,Yes,Need Replacement,Yes,-,Yes,-,No,-,-,-,No,Yes,Yes,Yes,,,2,,
17070304801,AMTRA GOVT LPS,2025-12-01,14:18:37,,,Yes,Need Store Room,Yes,Need Replacement,Yes,-,Yes,-,Yes,-,-,-,,,,,,,0,,
17010503302,ANGGALANGGRE UPS,2025-12-04,14:19:24,23,3,Yes,Need Replacement,Yes,Good Condition,Yes,-,Yes,-,Yes,-,-,-,No,Yes,Yes,Yes,,,26,,
17110108201,ANTEKAGRE LPS,2025-12-01,15:43:10,5,7,Yes,Good Condition,Yes,Good Condition,Yes,-,Yes,-,Yes,-,-,-,No,Yes,No,No,,,12,,
17110116701,ARA-URA LPS,2025-12-04,09:28:23,1,38,Yes,Need Minor Repair,Yes,Good Condition,Yes,-,Yes,-,Yes,-,-,-,Yes,Yes,Yes,Yes,,,39,,
17110114402,ASANGGRE SSA UPS,2025-12-01,09:24:43,0,0,Yes,Good Condition,Yes,Good Condition,No,Food Grain Not Received,No,-,No,-,-,-,No,No,No,Yes,,,0,,
17110104902,ASINAGRE GOVT. LPS,2025-12-01,08:30:30,2,6,No,Fully Damaged,Yes,Good Condition,Yes,-,Yes,-,No,-,-,-,No,No,Yes,No,,,8,,
17110124602,BAIRAGIPARA SSA LPS,2025-12-01,09:17:18,0,58,Yes,Need Major Repair,Yes,Good Condition,Yes,-,Yes,-,No,-,-,-,No,No,No,Yes,,,58,,
17030211321,BAJRAGRE L.P.S,2025-12-01,10:25:21,0,6,Yes,Good Condition,Yes,Need Replacement,Yes,-,Yes,-,Yes,-,-,-,No,No,Yes,Yes,,,6,,
17110206903,BAKDAGRE SSA UPS,2025-12-01,14:32:23,6,40,Yes,Need Major Repair,Yes,Good Condition,Yes,-,Yes,-,No,-,-,-,Yes,Yes,Yes,Yes,,,46,,
17010108602,BALACHANDA II SSA LPS,2025-12-02,09:36:13,10,33,Yes,Need Major Repair,Yes,Good Condition,Yes,-,Yes,-,No,-,-,-,No,Yes,Yes,Yes,,,43,,
17010203201,BALJEK SONGGITCHAM GOVT. LPS,2025-12-02,15:43:52,29,33,Yes,Need Major Repair,Yes,Good Condition,Yes,-,Yes,-,No,-,-,-,No,Yes,Yes,Yes,,,62,,
17110106702,BALLONGGRE SSA UPS,2025-12-03,10:18:08,23,9,Yes,Need Minor Repair,Yes,Good Condition,Yes,-,Yes,-,Yes,-,-,-,No,Yes,Yes,Yes,,,32,,
17030213803,BALSALGITTIM LPS,2025-12-04,09:40:13,0,2,Yes,Need Store Room,Yes,Need Replacement,Yes,-,Yes,-,Yes,-,-,-,No,No,No,No,,,2,,
17020320305,BALSRIGITTIM L.P.SCHOOL,2025-12-01,10:51:42,10,35,Yes,Need Replacement,Yes,Need Replacement,Yes,-,Yes,-,Yes,-,-,-,No,Yes,No,No,,,45,,
17090200901,BAMKHOSNGI LPS,2025-12-02,13:41:43,40,11,Yes,Need Replacement,Yes,Need Replacement,Yes,-,Yes,-,No,-,-,-,No,Yes,Yes,Yes,,,51,,
17040104602,BANGLAPLUH UPS,2025-12-01,14:19:19,0,37,Yes,Need Minor Repair,Yes,Good Condition,Yes,-,Yes,-,No,-,-,-,No,No,No,Yes,,,37,,
17110203016,BARMANPARA B SSA UPS,2025-12-02,09:46:40,10,8,Yes,Good Condition,Yes,Good Condition,Yes,-,Yes,-,Yes,-,-,-,No,Yes,Yes,Yes,,,18,,
17110221602,BARMANPARA NON-GOVT. LPS,2025-12-01,10:00:12,0,15,Yes,Good Condition,Yes,Good Condition,Yes,-,Yes,-,No,-,-,-,Yes,No,No,No,,,15,,
17110203401,BARMANPARA SSA LPS,2025-12-02,09:41:21,2,8,Yes,Good Condition,Yes,Need Replacement,Yes,-,Yes,-,Yes,-,-,-,Yes,Yes,Yes,Yes,,,10,,
17110203402,BARMANPARA UPS,2025-12-01,11:59:45,1,21,Yes,Need Major Repair,Yes,Good Condition,Yes,-,Yes,-,No,-,-,-,Yes,Yes,Yes,Yes,,,22,,
17110110606,BELBARI SSA UPS,2025-12-03,15:09:05,0,61,Yes,Good Condition,Yes,Good Condition,Yes,-,Yes,-,No,-,-,-,No,Yes,Yes,Yes,,,61,,
17110204702,BEPARIPARA SSA UPS,2025-12-04,10:08:04,2,36,Yes,Good Condition,Yes,Good Condition,Yes,-,Yes,-,Yes,-,-,-,No,Yes,Yes,Yes,,,38,,
17110213901,BHAIRAKUPI LPS,2025-12-02,11:34:30,6,58,Yes,Need Major Repair,Yes,Good Condition,Yes,-,Yes,-,Yes,-,-,-,No,Yes,Yes,Yes,,,64,,
17110223301,BILDOBA GOVT. LPS,2025-12-05,13:17:58,0,25,Yes,Need Minor Repair,Yes,Good Condition,Yes,-,Yes,-,Yes,-,-,-,No,Yes,Yes,Yes,,,25,,
17110101302,BOLCHUGRE SSA LPS,2025-12-03,12:52:44,23,10,Yes,Need Minor Repair,Yes,Need Replacement,Yes,-,Yes,-,Yes,-,-,-,No,No,No,No,,,33,,
17010104201,BOLDAMGRE NON-GOVT. LP SCHOOL,2025-12-04,12:38:12,,,Yes,Good Condition,Yes,Good Condition,Yes,-,Yes,-,Yes,-,-,-,,,,,,,0,,
17110115801,BOLSALGRE GOVT. LPS,2025-12-01,11:32:03,2,21,Yes,Need Replacement,Yes,Good Condition,Yes,-,Yes,-,No,-,-,-,No,No,No,Yes,,,23,,
17110204001,BOTTALA LPS,2025-12-01,12:00:00,7,50,Yes,Need Major Repair,Yes,Good Condition,Yes,-,Yes,-,No,-,-,-,No,Yes,Yes,Yes,,,57,,
17010210001,CHANANGPARA LPS,2025-12-02,09:45:45,,,Yes,Good Condition,Yes,Good Condition,Yes,-,Yes,-,No,-,-,-,,,,,,,0,,
17010134101,CHANDRAPATHER L.P.S.,2025-12-03,10:04:47,,,Yes,Need Replacement,Yes,Good Condition,Yes,-,Yes,-,Yes,-,-,-,,,,,,,0,,
17110100503,CHELIPARA SSA UPS,2025-12-03,10:01:56,11,18,Yes,Need Replacement,No,Need Replacement,No,Food Grain Not Received,Yes,-,No,-,-,-,No,No,No,No,,,29,,
17110211802,CHEPAGRE SOROKGITTIM LPS,2025-12-02,10:53:01,16,30,Yes,Need Major Repair,Yes,Need Replacement,Yes,-,Yes,-,No,-,-,-,No,Yes,Yes,Yes,,,46,,
17100200601,CHIBAK GOVT LPS,2025-12-03,11:51:53,,,No,Need Replacement,No,Need Replacement,Yes,-,Yes,-,No,-,-,-,,,,,,,0,,
17010207901,CHIBONG APAL LPS,2025-12-05,10:19:07,,,Yes,Good Condition,Yes,Good Condition,Yes,-,Yes,-,No,-,-,-,,,,,,,0,,
17030201932,CHIBRENGGRE L.P.S.,2025-12-01,10:29:17,82,5,Yes,Need Store Room,Yes,Need Replacement,Yes,-,Yes,-,Yes,-,-,-,Yes,Yes,Yes,Yes,,,87,,
17080213601,CHIGRANGGRE GOVT. L.P.S,2025-12-05,09:10:49,5,2,Yes,Need Store Room,Yes,Good Condition,Yes,-,Yes,-,Yes,-,-,-,,,,,,,7,,
17110106301,CHIMISENGGRE NON-GOVT. LPS,2025-12-03,13:26:13,9,11,Yes,Need Replacement,Yes,Need Replacement,Yes,-,Yes,-,No,-,-,-,No,No,No,No,,,20,,
17010103001,CHIMISENGGRI SSA LP SCHOOL,2025-12-02,09:26:23,0,0,Yes,Good Condition,Yes,Good Condition,Yes,-,Yes,-,No,-,-,-,No,No,Yes,Yes,,,0,,
17010312801,CHINARAMGRI GOVT. LPS,2025-12-03,10:34:39,1,23,No,Fully Damaged,No,Need Replacement,Yes,-,Yes,-,No,-,-,-,No,No,No,No,,,24,,
17080117902,CHISIM APAL U.P. SCHOOL,2025-12-02,09:25:17,4,3,Yes,Good Condition,Yes,Good Condition,Yes,-,Yes,-,No,-,-,-,No,No,No,Yes,,,7,,
17080122201,CHISIM MATCHOKGRE L.P.SCHOOL,2025-12-02,10:29:17,,,Yes,Need Store Room,Yes,Need Replacement,Yes,-,Yes,-,No,-,-,-,,,,,,,0,,
17100202901,CHITOGRI GOVT. LPS,2025-12-03,14:16:11,41,6,Yes,Need Major Repair,Yes,Need Replacement,Yes,-,Yes,-,Yes,-,-,-,No,No,No,No,,,47,,
17110111501,CHONDON-NOKAT LPS,2025-12-04,13:22:58,2,9,Yes,Good Condition,Yes,Good Condition,Yes,-,Yes,-,No,-,-,-,No,No,No,Yes,,,11,,
17110121802,CHONGPOTGRE (ASS) LPS,2025-12-01,12:23:58,2,14,Yes,Need Minor Repair,Yes,Good Condition,Yes,-,Yes,-,No,-,-,-,No,No,Yes,Yes,,,16,,
17100119511,CHRISTIAN PRINCIPLE ACADEMY UPS,2025-12-01,11:12:34,15,33,Yes,Need Replacement,Yes,Good Condition,Yes,-,Yes,-,No,-,-,-,Yes,No,No,No,,,48,,
17090114203,CHURCH OF GOD LPS RATACHERRA,2025-12-03,11:38:19,102,3,Yes,Need Replacement,Yes,Good Condition,Yes,-,Yes,-,No,-,-,-,No,Yes,No,No,,,105,,
17010204501,DABONGGRE LPS,2025-12-01,13:08:07,79,3,Yes,Need Minor Repair,Yes,Need Replacement,Yes,-,Yes,-,Yes,-,-,-,No,No,No,No,,,82,,
17020203101,DAGAL ARINGGA GOVT. L.P. SCHOOL,2025-12-01,08:58:14,2,5,Yes,Need Major Repair,Yes,Need Replacement,Yes,-,Yes,-,No,-,-,-,No,Yes,Yes,Yes,,,7,,
17110109001,DAKUPARA GOVT. LPS,2025-12-01,09:50:40,0,14,Yes,Need Major Repair,Yes,Need Replacement,Yes,-,Yes,-,No,-,-,-,No,No,No,Yes,,,14,,
17110101701,DALBOTPARA GOVT. LPS,2025-12-01,12:47:12,22,4,Yes,Need Replacement,Yes,Need Replacement,Yes,-,Yes,-,No,-,-,-,Yes,Yes,Yes,Yes,,,26,,
17080137801,DALMANGGRE L.P. SCHOOL.,2025-12-05,09:07:43,,,Yes,Need Major Repair,Yes,Good Condition,Yes,-,Yes,-,Yes,-,-,-,No,No,No,Yes,,,0,,
17080147301,DANAL SONGGITCHAM L.P.SCHOOL,2025-12-02,08:50:55,28,20,Yes,Need Major Repair,No,Need Replacement,Yes,-,Yes,-,No,-,-,-,No,No,No,Yes,,,48,,
17010616901,DARAK AKONGGRE SSA/ LPS,2025-12-05,13:55:05,30,15,Yes,Need Minor Repair,Yes,Need Replacement,Yes,-,Yes,-,No,-,-,-,No,No,No,No,,,45,,
17110204502,DASPARA GOVT. LPS,2025-12-01,09:35:27,32,80,Yes,Need Major Repair,No,Need Replacement,Yes,-,Yes,-,Yes,-,-,-,Yes,Yes,Yes,Yes,,,112,,
17070106707,DCLP SCHOOL MOOLONG-SANDAR,2025-12-03,13:08:35,18,0,Yes,Good Condition,Yes,Good Condition,Yes,-,Yes,-,No,-,-,-,No,Yes,No,No,,,18,,
17070207004,DCLPS SCHOOL UMSALAIT,2025-12-01,10:43:43,3,15,Yes,Good Condition,Yes,Good Condition,Yes,-,Yes,-,Yes,-,-,-,No,Yes,Yes,Yes,,,18,,
17110226501,DEBAJANI HAJONGBASTI SSA LPS,2025-12-02,08:57:07,0,18,No,Need Replacement,No,Need Replacement,Yes,-,Yes,-,No,-,-,-,No,Yes,No,Yes,,,18,,
17110201102,DEMDEMAKONA SSA UPS,2025-12-02,12:10:11,15,45,Yes,Need Minor Repair,Yes,Need Replacement,Yes,-,Yes,-,Yes,-,-,-,Yes,Yes,No,Yes,,,60,,
17070100503,DEMTHRING GOVT LPS,2025-12-05,13:34:08,2,4,Yes,Need Major Repair,Yes,Good Condition,Yes,-,Yes,-,Yes,-,-,-,Yes,No,No,No,,,6,,
17070100504,DEMTHRING WAHTHANG GOVT LPS,2025-12-05,12:55:18,78,3,Yes,Need Major Repair,Yes,Need Replacement,Yes,-,Yes,-,Yes,-,-,-,No,No,No,No,,,81,,
17110201702,DHOROMCHAS UPS,2025-12-01,10:31:17,0,20,Yes,Need Replacement,Yes,Need Replacement,Yes,-,Yes,-,Yes,-,-,-,No,Yes,Yes,No,,,20,,
17010312502,DIDAPARA SONGGITCHAM SSA LPS,2025-12-04,12:48:21,19,14,No,Need Replacement,No,Need Replacement,Yes,-,Yes,-,No,-,-,-,No,No,No,Yes,,,33,,
17110225701,DIKKIMPARA LPS,2025-12-01,10:17:06,18,18,Yes,Need Replacement,Yes,Need Replacement,Yes,-,Yes,-,Yes,-,-,-,No,No,Yes,Yes,,,36,,
17110227601,DILSA ADING SSA UPS,2025-12-02,09:13:06,1,3,Yes,Need Minor Repair,Yes,Need Replacement,Yes,-,Yes,-,No,-,-,-,No,No,No,No,,,4,,
17010202502,DILSIGRE GOVT. LPS,2025-12-01,14:17:07,4,21,Yes,Good Condition,Yes,Good Condition,Yes,-,Yes,-,Yes,-,-,-,No,Yes,Yes,Yes,,,25,,
17110217902,DIMILIGRE GOVT. LPS,2025-12-05,09:31:33,23,34,Yes,Need Major Repair,Yes,Need Replacement,Yes,-,Yes,-,Yes,-,-,-,,,,,,,57,,
17110206404,DINGAMPARA UPS,2025-12-01,14:34:08,9,87,Yes,Need Major Repair,Yes,Good Condition,Yes,-,Yes,-,No,-,-,-,No,No,No,Yes,,,96,,
17110216401,DINGNAGRE GOVT. LPS,2025-12-02,11:11:13,17,6,Yes,Need Replacement,Yes,Need Replacement,Yes,-,Yes,-,Yes,-,-,-,No,Yes,No,No,,,23,,
17010107601,DIPOGRE GOVT. LP SCHOOL,2025-12-04,11:19:13,47,68,Yes,Need Major Repair,Yes,Need Replacement,Yes,-,Yes,-,Yes,-,-,-,No,Yes,Yes,Yes,,,115,,
17110214901,DOLSIGRE LPS,2025-12-01,09:14:24,5,40,Yes,Need Major Repair,Yes,Need Replacement,Yes,-,Yes,-,Yes,-,-,-,No,No,No,Yes,,,45,,
17100108004,DOMDIPEI LPS,2025-12-03,08:22:30,,,Yes,Good Condition,Yes,Good Condition,Yes,-,Yes,-,Yes,-,-,-,No,No,No,No,,,0,,
17090113902,DONA SKUR UPS,2025-12-02,13:14:02,0,27,Yes,Need Major Repair,Yes,Good Condition,Yes,-,Yes,-,-,-,-,-,No,No,No,No,,,27,,
17090114001,DONA UMBLUH LPS,2025-12-01,12:55:43,0,18,Yes,Need Minor Repair,Yes,Good Condition,Yes,-,Yes,-,No,-,-,-,No,No,No,No,,,18,,
17070113506,DONGIAW LPS,2025-12-02,09:58:16,5,4,Yes,Good Condition,Yes,Good Condition,Yes,-,Yes,-,Yes,-,-,-,No,Yes,No,No,,,9,,
17010207002,DUGALGRE LPS,2025-12-03,12:16:33,0,0,No,Need Replacement,No,Need Replacement,Yes,-,Yes,-,No,-,-,-,No,No,No,No,,,0,,
17070205607,DWAR JINGKYRMEN LPS KYNDONG TUBER,2025-12-04,11:54:32,8,42,Yes,Need Major Repair,Yes,Need Replacement,Yes,-,Yes,-,Yes,-,-,-,,,,,,,50,,
17100101005,FLOWER BUD UPS,2025-12-04,15:07:06,26,26,Yes,Need Replacement,Yes,Need Replacement,Yes,-,Yes,-,No,-,-,-,No,Yes,Yes,Yes,,,52,,
17080146701,GABIL GOVT. L.P.SCHOOL,2025-12-03,09:38:11,65,0,Yes,Good Condition,Yes,Good Condition,Yes,-,Yes,-,Yes,-,-,-,No,Yes,Yes,Yes,,,65,,
17010132601,GALWANG ATIMBO L.P.S,2025-12-03,09:34:13,6,29,Yes,Good Condition,Yes,Good Condition,Yes,-,Yes,-,Yes,-,-,-,No,No,No,No,,,35,,
17080204702,GANGGASA U.P. SCHOOL,2025-12-05,12:51:45,6,47,Yes,Need Replacement,No,Need Replacement,Yes,-,Yes,-,Yes,-,-,-,No,No,No,No,,,53,,
17110111802,G-BAINAPARA UPS,2025-12-02,10:24:54,3,74,Yes,Need Replacement,Yes,Need Replacement,Yes,-,Yes,-,Yes,-,-,-,Yes,Yes,Yes,Yes,,,77,,
17110123101,GILDINGGRE LPS,2025-12-02,11:21:22,3,3,Yes,Need Replacement,Yes,Need Replacement,Yes,-,Yes,-,Yes,-,-,-,No,No,No,No,,,6,,
17110111202,GODALGRE SSA UPS,2025-12-05,12:45:23,8,17,Yes,Need Minor Repair,Yes,Need Replacement,Yes,-,Yes,-,Yes,-,-,-,,,,,,,25,,
17110111201,GODALGRI GOVT. LPS,2025-12-01,12:46:36,8,10,Yes,Good Condition,Yes,Good Condition,Yes,-,Yes,-,No,-,-,-,No,No,No,Yes,,,18,,
17110102101,GOLDATGRI GOVT. LPS,2025-12-01,08:15:10,9,39,Yes,Need Replacement,Yes,Need Replacement,Yes,-,Yes,-,No,-,-,-,No,No,No,No,,,48,,
17010503801,GONCHUDARE LP SCHOOL,2025-12-02,10:39:12,28,19,Yes,Need Major Repair,No,Need Replacement,Yes,-,Yes,-,No,-,-,-,,,,,,,47,,
17110206301,GOPINATHKILLA UPS,2025-12-04,10:45:54,10,51,Yes,Need Store Room,Yes,Need Replacement,Yes,-,Yes,-,No,-,-,-,Yes,No,No,Yes,,,61,,
17070116005,GOVERNMENT BOY'S HIGHER SECONDARY SCHOOL- JOWAI,2025-12-05,14:57:25,12,251,Yes,Good Condition,Yes,Good Condition,Yes,-,Yes,-,Yes,-,-,-,Yes,Yes,Yes,Yes,,,263,,
17070116006,GOVERNMENT GIRL'S HIGHER SECONDARY SCHOOL- JOWAI,2025-12-04,11:11:13,134,296,Yes,Need Minor Repair,Yes,Good Condition,Yes,-,Yes,-,Yes,-,-,-,Yes,Yes,Yes,Yes,,,430,,
17060901501,GOVT. BOYS HIGHER SECONDARY,2025-12-02,15:32:05,99,180,Yes,Good Condition,Yes,Good Condition,Yes,-,Yes,-,No,-,-,-,Yes,Yes,Yes,Yes,,,279,,
17070200101,GOVT. UPS MOWKAIAW,2025-12-05,10:48:33,27,120,Yes,Need Replacement,Yes,Need Replacement,Yes,-,Yes,-,Yes,-,-,-,Yes,Yes,Yes,Yes,,,147,,
17110220201,HATIBELPARA GOVT. LPS,2025-12-03,08:08:27,8,8,Yes,Good Condition,Yes,Good Condition,Yes,-,Yes,-,Yes,-,-,-,No,Yes,Yes,Yes,,,16,,
17070200911,IAIKYNTIEWLANG DCLPS- MUKHAP,2025-12-01,10:14:36,6,7,Yes,Good Condition,Yes,Good Condition,Yes,-,Yes,-,Yes,-,-,-,No,Yes,No,No,,,13,,
17050205706,IAIMINOT  L.P.S. KREMSADHU,2025-12-04,11:10:53,,,Yes,Need Major Repair,Yes,Good Condition,Yes,-,Yes,-,Yes,-,-,-,,,,,,,0,,
17110122301,INDIK NOKATGRE LPS,2025-12-03,14:52:13,9,4,Yes,Need Major Repair,Yes,Good Condition,Yes,-,Yes,-,Yes,-,-,-,No,No,No,No,,,13,,
17070206907,IOOKSI DCLP SCHOOL,2025-12-05,15:52:33,32,3,Yes,Need Minor Repair,Yes,Good Condition,Yes,-,Yes,-,No,-,-,-,No,Yes,Yes,Yes,,,35,,
17070206903,IOOKSI GOVT LPS,2025-12-02,10:25:04,27,32,Yes,Need Store Room,Yes,Good Condition,Yes,-,Yes,-,Yes,-,-,-,No,Yes,Yes,Yes,,,59,,
17070206901,IOOKSI PRES UPS,2025-12-04,10:04:45,0,84,Yes,Need Minor Repair,Yes,Good Condition,Yes,-,Yes,-,No,-,-,-,No,Yes,Yes,Yes,,,84,,
17060900906,ISLAMIA LP SCHOOL,2025-12-03,10:40:41,25,22,Yes,Good Condition,Yes,Good Condition,Yes,-,Yes,-,Yes,-,-,-,Yes,Yes,Yes,Yes,,,47,,
17010125901,J.B. LP SCHOOL,2025-12-02,15:11:11,14,50,Yes,Need Major Repair,Yes,Need Replacement,Yes,-,Yes,-,No,-,-,-,No,No,No,Yes,,,64,,
17110103902,JALUAGRE SSA UPS,2025-12-01,12:17:17,2,5,No,Need Replacement,No,Need Replacement,Yes,-,Yes,-,No,-,-,-,No,No,No,No,,,7,,
17040118001,JAPUNG PRES LPS,2025-12-01,12:31:08,0,10,Yes,Good Condition,Yes,Good Condition,Yes,-,Yes,-,No,-,-,-,No,No,Yes,Yes,,,10,,
17040118005,JAPUNG PRES. UPS,2025-12-01,10:21:11,0,4,Yes,Good Condition,Yes,Good Condition,Yes,-,Yes,-,No,-,-,-,No,No,Yes,Yes,,,4,,
17010314401,JELBONGGRI SSA LPS,2025-12-04,11:22:51,4,4,Yes,Need Major Repair,Yes,Need Replacement,Yes,-,Yes,-,No,-,-,-,No,Yes,No,No,,,8,,
17110124101,JENGGITCHAKGRE SSA LPS,2025-12-02,09:22:07,24,24,Yes,Need Replacement,No,Need Replacement,Yes,-,Yes,-,Yes,-,-,-,Yes,No,No,No,,,48,,
17110101101,JONGCHETPARA GOVT. LPS,2025-12-01,09:31:28,20,18,Yes,Need Replacement,Yes,Need Replacement,Yes,-,Yes,-,No,-,-,-,No,No,No,No,,,38,,
17080217101,JONGKI APAL GOVT. L.P.S,2025-12-01,08:33:16,78,28,Yes,Need Minor Repair,Yes,Good Condition,Yes,-,Yes,-,Yes,-,-,-,No,Yes,Yes,Yes,,,106,,
17080124301,JOROPARA L.P. SCHOOL,2025-12-03,11:15:43,,,Yes,Need Replacement,Yes,Need Replacement,Yes,-,-,-,Yes,-,-,-,,,,,,,0,,
17110224301,K. BOLDORENGGRE SSA LPS,2025-12-01,10:57:31,11,7,Yes,Need Replacement,Yes,Need Replacement,Yes,-,Yes,-,No,-,-,-,No,No,No,No,,,18,,
17080111901,KA'GRAKGRE L.P.SCHOOL,2025-12-02,14:50:11,,,Yes,Good Condition,Yes,Need Replacement,Yes,-,Yes,-,Yes,-,-,-,,,,,,,0,,
17110227501,KALAICHAR DHAKDAHAKIPARA NG LPS,2025-12-01,10:52:25,2,16,Yes,Need Major Repair,Yes,Need Replacement,Yes,-,Yes,-,Yes,-,-,-,No,No,No,No,,,18,,
17110201701,KALEGAON LPS,2025-12-02,10:20:50,0,37,Yes,Need Major Repair,Yes,Good Condition,Yes,-,Yes,-,No,-,-,-,No,Yes,Yes,Yes,,,37,,
17010209201,KAMA BOLDAKGRE LPS,2025-12-02,09:43:07,,,Yes,Need Major Repair,Yes,Need Replacement,Yes,-,Yes,-,No,-,-,-,,,,,,,0,,
17030205233,KARUKOL KONAGITTIM L.P.S.,2025-12-01,12:33:43,35,15,Yes,Need Minor Repair,Yes,Good Condition,Yes,-,Yes,-,Yes,-,-,-,No,Yes,Yes,Yes,,,50,,
17110104201,KASIBIL SSA LPS,2025-12-01,08:54:45,20,4,Yes,Need Replacement,Yes,Need Replacement,Yes,-,Yes,-,No,-,-,-,No,No,No,No,,,24,,
17110100401,KEBOLPARA GOVT. LPS,2025-12-03,14:25:34,11,48,Yes,Need Store Room,Yes,Good Condition,Yes,-,Yes,-,No,-,-,-,No,No,No,Yes,,,59,,
17100205907,KENIONG GOVT LPS,2025-12-02,15:15:42,14,105,Yes,Good Condition,Yes,Need Replacement,Yes,-,Yes,-,Yes,-,-,-,No,Yes,Yes,Yes,,,119,,
17090103102,KHLIEHRIAT EAST GOVT LPS,2025-12-02,10:11:06,0,40,Yes,Need Minor Repair,Yes,Need Replacement,Yes,-,Yes,-,No,-,-,-,Yes,No,No,No,,,40,,
17090103101,KHLIEHRIAT WEST GOVT LPS,2025-12-03,11:24:22,18,149,Yes,Need Minor Repair,Yes,Good Condition,Yes,-,Yes,-,Yes,-,-,-,Yes,Yes,No,No,,,167,,
17010119102,KILBHOI SSA UPS,2025-12-03,09:34:48,0,37,Yes,Need Major Repair,Yes,Need Replacement,Yes,-,Yes,-,Yes,-,-,-,No,Yes,Yes,Yes,,,37,,
17070201704,KNOR SYIEM MADANKYNSAW LPS,2025-12-02,11:07:30,19,31,Yes,Good Condition,Yes,Good Condition,Yes,-,Yes,-,Yes,-,-,-,No,Yes,No,No,,,50,,
17020229301,KOKNAL TARASIN L.P. SCHOOL,2025-12-01,09:27:40,0,0,Yes,Need Replacement,Yes,Need Replacement,Yes,-,Yes,-,Yes,-,-,-,No,No,No,Yes,,,0,,
17020200102,KOKSI NENGSAT L.P.SCHOOL,2025-12-05,11:51:50,,,Yes,Need Replacement,Yes,Good Condition,Yes,-,Yes,-,Yes,-,-,-,,,,,,,0,,
17110101601,KOLKATOLA GOVT. LPS,2025-12-01,10:03:14,13,15,Yes,Need Major Repair,Yes,Good Condition,Yes,-,Yes,-,No,-,-,-,No,No,No,No,,,28,,
17010121102,KONARCHAR UPS,2025-12-05,15:58:16,10,128,Yes,Need Major Repair,Yes,Need Replacement,Yes,-,Yes,-,Yes,-,-,-,Yes,Yes,Yes,Yes,,,138,,
17100100506,KPEPBAH NONGSIEJ LPS,2025-12-01,13:21:25,12,20,Yes,Need Major Repair,Yes,Need Replacement,Yes,-,Yes,-,Yes,-,-,-,No,No,No,No,,,32,,
17070112903,KREMLABIT LPS,2025-12-03,12:59:27,0,0,Yes,Need Minor Repair,Yes,Good Condition,Yes,-,Yes,-,No,-,-,-,Yes,No,No,Yes,,,0,,
17090208501,KSEH LPS,2025-12-04,13:49:19,0,12,Yes,Need Store Room,Yes,Need Replacement,Yes,-,Yes,-,Yes,-,-,-,Yes,No,No,No,,,12,,
17040131402,KYRDUM C.O.G UPS,2025-12-01,10:22:50,13,11,Yes,Need Minor Repair,Yes,Good Condition,Yes,-,Yes,-,No,-,-,-,No,No,No,No,,,24,,
17070115102,LADTHADLABOH GOVT LPS,2025-12-04,11:38:52,0,0,Yes,Good Condition,Yes,Good Condition,Yes,-,Yes,-,Yes,-,-,-,Yes,Yes,Yes,Yes,,,0,,
17070115115,LADTHADLABOH UPS- SSA,2025-12-02,10:17:14,7,94,Yes,Good Condition,Yes,Good Condition,Yes,-,Yes,-,Yes,-,-,-,Yes,Yes,Yes,Yes,,,101,,
17100108202,LAITNONG COG E LPS,2025-12-01,14:18:02,31,6,Yes,Need Major Repair,Yes,Need Replacement,Yes,-,Yes,-,Yes,-,-,-,No,No,No,No,,,37,,
17100108209,LAITNONG RCLPS,2025-12-01,14:22:15,18,2,Yes,Need Major Repair,Yes,Good Condition,Yes,-,Yes,-,Yes,-,-,-,No,No,No,No,,,20,,
17060900402,LAITUMKHRAH BENGALEE GIRLS LPS,2025-12-02,10:32:24,,,Yes,Good Condition,Yes,Good Condition,Yes,-,Yes,-,Yes,-,-,-,,,,,,,0,,
17070200802,LASKEIN GOVT LPS,2025-12-03,12:53:11,9,85,Yes,Need Store Room,Yes,Good Condition,Yes,-,Yes,-,Yes,-,-,-,Yes,Yes,No,No,,,94,,
17070212805,LATYMPHU  UPS,2025-12-01,12:02:51,20,12,Yes,Need Store Room,No,Need Replacement,Yes,-,Yes,-,Yes,-,-,-,No,No,No,No,,,32,,
17080114303,LINE ADING L.P. SCHOOL,2025-12-05,10:37:37,43,14,Yes,Need Minor Repair,No,Need Replacement,Yes,-,Yes,-,No,-,-,-,No,No,No,No,,,57,,
17100119504,LITTLE STAR SEC. (LPS SECTION),2025-12-01,12:39:48,147,362,Yes,Good Condition,Yes,Good Condition,Yes,-,Yes,-,No,-,-,-,Yes,Yes,Yes,Yes,,,509,,
17110200302,LOKAICHAR UPS,2025-12-05,13:05:53,2,17,Yes,Need Minor Repair,Yes,Good Condition,Yes,-,Yes,-,Yes,-,-,-,Yes,No,No,No,,,19,,
17010306001,LOWER CHISIKGRE GOVT. LPS,2025-12-05,11:25:16,,,Yes,Good Condition,Yes,Need Replacement,Yes,-,Yes,-,No,-,-,-,,,,,,,0,,
17030404131,LOWER GASUAPARA  SSA U.P.SCHOOL,2025-12-05,14:10:32,,,Yes,Need Minor Repair,Yes,Need Replacement,Yes,-,Yes,-,Yes,-,-,-,,,,,,,0,,
17110214002,LOWER HULLUKONA LPS,2025-12-01,10:49:53,6,22,Yes,Need Minor Repair,Yes,Need Replacement,Yes,-,Yes,-,Yes,-,-,-,No,No,No,No,,,28,,
17110225603,LOWER JEMBRAGRE SSA UPS,2025-12-03,11:29:21,9,30,Yes,Good Condition,Yes,Good Condition,Yes,-,Yes,-,Yes,-,-,-,No,No,No,Yes,,,39,,
17110107001,LOWER RONGBAKGRE SSA LPS,2025-12-02,09:57:39,1,11,Yes,Need Minor Repair,Yes,Need Replacement,Yes,-,Yes,-,No,-,-,-,No,No,No,No,,,12,,
17080205501,LOWER RONGBU U.P.S.,2025-12-02,11:42:28,8,5,Yes,Good Condition,Yes,Good Condition,Yes,-,Yes,-,Yes,-,-,-,No,No,Yes,Yes,,,13,,
17110104601,LOWER-DAMALGRE GOVT. LPS,2025-12-03,09:57:56,,,Yes,Need Replacement,Yes,Need Replacement,Yes,-,Yes,-,Yes,-,-,-,No,No,Yes,Yes,,,0,,
17070205505,LUMAITWIEH LPS MYNSO,2025-12-01,13:35:44,14,48,Yes,Need Minor Repair,Yes,Good Condition,Yes,-,Yes,-,Yes,-,-,-,No,Yes,Yes,Yes,,,62,,
17070211302,LUMSAMYRLEIN LPS,2025-12-03,12:57:53,13,37,Yes,Good Condition,Yes,Good Condition,Yes,-,Yes,-,Yes,-,-,-,Yes,No,No,No,,,50,,
17090101609,LUMSHYRMIT MOOPYNIENG LPS,2025-12-04,13:24:08,0,null,Yes,Need Major Repair,Yes,Good Condition,Yes,-,Yes,-,Yes,-,-,-,No,No,No,No,,,NaN,,
17060101301,LWAI PRES. SSA UPS,2025-12-04,13:42:43,0,3,Yes,Need Minor Repair,Yes,Good Condition,Yes,-,Yes,-,No,-,-,-,No,Yes,Yes,Yes,,,3,,
17010202801,MADARIGRE GOVT. LPS,2025-12-04,10:45:16,33,5,Yes,Good Condition,Yes,Good Condition,Yes,-,Yes,-,Yes,-,-,-,No,Yes,Yes,Yes,,,38,,
17010206101,MAGALPARA LPS,2025-12-01,09:25:58,34,7,Yes,Need Minor Repair,Yes,Good Condition,Yes,-,Yes,-,Yes,-,-,-,No,Yes,Yes,Yes,,,41,,
17110216301,MAGURMARI LPS,2025-12-01,10:13:21,2,32,Yes,Good Condition,Yes,Good Condition,Yes,-,Yes,-,No,-,-,-,No,Yes,Yes,No,,,34,,
17110202902,MAJHERCHAR GIRLS LPS,2025-12-05,13:14:49,10,36,Yes,Need Minor Repair,No,Need Replacement,Yes,-,Yes,-,Yes,-,-,-,No,Yes,Yes,Yes,,,46,,
17010110001,MAKAGRE GOVT. LP SCHOOL,2025-12-03,10:45:55,27,19,Yes,Need Major Repair,Yes,Good Condition,Yes,-,Yes,-,No,-,-,-,No,No,No,No,,,46,,
17110110102,MALCHAPARA SSA UPS,2025-12-01,11:42:26,0,8,Yes,Good Condition,Yes,Good Condition,Yes,-,Yes,-,Yes,-,-,-,Yes,Yes,Yes,Yes,,,8,,
17110225401,MANDALGRE LPS,2025-12-04,12:10:01,2,12,Yes,Need Replacement,Yes,Need Replacement,Yes,-,Yes,-,Yes,-,-,-,No,No,Yes,Yes,,,14,,
17110110201,MARPARA GOVT. LPS,2025-12-05,13:04:50,0,20,No,Fully Damaged,Yes,Good Condition,Yes,-,Yes,-,No,-,-,-,No,Yes,Yes,Yes,,,20,,
17100100408,MARSHILLONG PRES LPS,2025-12-02,12:46:39,21,31,Yes,Need Minor Repair,Yes,Good Condition,No,Insufficient Food Grain,Yes,-,No,-,-,-,No,Yes,Yes,Yes,,,52,,
17100100405,MARSHILONG RCLPS,2025-12-02,12:19:05,1,26,Yes,Good Condition,Yes,Need Replacement,Yes,-,Yes,-,Yes,-,-,-,No,Yes,Yes,Yes,,,27,,
17100100412,MARSHILONG RCUPS,2025-12-02,12:06:10,1,26,Yes,Good Condition,Yes,Good Condition,Yes,-,Yes,-,Yes,-,-,-,No,No,No,No,,,27,,
17070102001,MASKUT GOVT LPS,2025-12-03,13:44:39,1,0,Yes,Need Minor Repair,Yes,Good Condition,Yes,-,Yes,-,No,-,-,-,No,Yes,Yes,Yes,,,1,,
17110122401,MATALAGRE GOVT. LPS,2025-12-02,09:34:06,,,Yes,Need Replacement,Yes,Need Replacement,Yes,-,Yes,-,Yes,-,-,-,,,,,,,0,,
17110214401,MATRONGGRE LPS,2025-12-02,08:43:19,41,1,Yes,Need Store Room,Yes,Good Condition,Yes,-,Yes,-,Yes,-,-,-,No,Yes,Yes,Yes,,,42,,
17100100618,MAWKHMAH UPS,2025-12-03,13:41:53,35,35,No,Need Replacement,No,Need Replacement,Yes,-,Yes,-,No,-,-,-,,,,,,,70,,
17060207701,MAWLAI UMJAIUR LPS,2025-12-01,14:30:00,,,Yes,Need Major Repair,Yes,Good Condition,Yes,-,Yes,-,Yes,-,-,-,,,,,,,0,,
17100100613,MAWLANGWIR RC UPS,2025-12-04,14:33:54,0,18,Yes,Need Major Repair,Yes,Need Replacement,Yes,-,Yes,-,Yes,-,-,-,No,No,No,No,,,18,,
17060304402,MAWLYNGAD PRES LP SCHOOL,2025-12-03,11:01:09,1,14,Yes,Need Minor Repair,Yes,Good Condition,Yes,-,Yes,-,Yes,-,-,-,Yes,Yes,No,No,,,15,,
17060114901,MAWMYRSIANG UMTYRNIUT PRES. LP,2025-12-04,12:37:30,0,0,Yes,Need Minor Repair,Yes,Need Replacement,Yes,-,Yes,-,No,-,-,-,Yes,Yes,No,Yes,,,0,,
17040403102,MAWPHANLUR UPS,2025-12-05,11:36:14,1,10,Yes,Good Condition,Yes,Good Condition,Yes,-,Yes,-,No,-,-,-,No,No,No,Yes,,,11,,
17100101007,MAWPHARKHREW RC UPS,2025-12-02,14:48:01,20,20,Yes,Need Major Repair,Yes,Good Condition,Yes,-,Yes,-,Yes,-,-,-,No,Yes,Yes,Yes,,,40,,
17100101003,MAWRANGLANG RCLPS,2025-12-01,14:48:06,5,15,Yes,Need Minor Repair,Yes,Good Condition,Yes,-,Yes,-,No,-,-,-,No,Yes,Yes,Yes,,,20,,
17050224501,MAWRONG GOVT. UP. SCHOOL,2025-12-05,10:56:54,,,Yes,Need Minor Repair,Yes,Need Replacement,Yes,-,Yes,-,Yes,-,-,-,,,,,,,0,,
17100104001,MAWSAIN GOVT LPS,2025-12-02,15:17:40,15,null,No,Need Replacement,Yes,Good Condition,Yes,-,Yes,-,Yes,-,-,-,No,No,No,No,,,NaN,,
17100107301,MAWSAW GOVT UPS,2025-12-02,11:54:30,1,59,Yes,Need Major Repair,Yes,Good Condition,Yes,-,Yes,-,Yes,-,-,-,No,No,No,Yes,,,60,,
17040331824,MAWSAWA RCLPS,2025-12-02,10:23:31,0,30,Yes,Good Condition,Yes,Good Condition,Yes,-,Yes,-,No,-,-,-,No,No,No,No,,,30,,
17080200901,MEGAM ADING GOVT. L.P.S.,2025-12-03,12:16:30,36,96,Yes,Need Major Repair,Yes,Good Condition,Yes,-,Yes,-,Yes,-,-,-,,,,,,,132,,
17110211001,MEGAPGRE GOVT. LPS,2025-12-01,09:37:05,15,16,Yes,Need Major Repair,Yes,Need Replacement,Yes,-,Yes,-,No,-,-,-,No,No,Yes,No,,,31,,
17070104002,MIHMYNTDU LUMCHYRMANG GOVT LPS,2025-12-02,12:06:17,35,149,Yes,Good Condition,Yes,Good Condition,Yes,-,Yes,-,Yes,-,-,-,Yes,Yes,No,No,,,184,,
17050208803,MODERN UMKTIEH PRES L.P SCHOOL,2025-12-03,12:27:39,20,20,Yes,Need Major Repair,Yes,Good Condition,Yes,-,Yes,-,No,-,-,-,No,No,Yes,Yes,,,40,,
17110114201,MOKPARA N/G LPS,2025-12-01,10:10:10,9,9,Yes,Need Replacement,Yes,Need Replacement,Yes,-,Yes,-,Yes,-,-,-,No,No,Yes,Yes,,,18,,
17110108303,MONABARI (R) LPS,2025-12-03,12:11:44,6,14,Yes,Need Major Repair,Yes,Good Condition,Yes,-,Yes,-,Yes,-,-,-,No,No,No,Yes,,,20,,
17110108302,MONABARI GOVT. LPS,2025-12-03,11:21:37,32,14,Yes,Good Condition,Yes,Good Condition,Yes,-,Yes,-,No,-,-,-,No,No,No,No,,,46,,
17090104101,MOOPALA GOVT LPS,2025-12-02,15:46:29,0,29,Yes,Good Condition,Yes,Good Condition,Yes,-,Yes,-,No,-,-,-,Yes,No,Yes,Yes,,,29,,
17110100310,MOTHER'S UNION AMPATI LPS,2025-12-02,11:59:04,42,160,Yes,Good Condition,Yes,Good Condition,Yes,-,Yes,-,No,-,-,-,Yes,Yes,Yes,Yes,,,202,,
17110100306,MOTHER'S UNION AMPATI UPS,2025-12-02,11:46:11,19,131,Yes,Need Store Room,Yes,Need Replacement,Yes,-,Yes,-,No,-,-,-,Yes,Yes,Yes,Yes,,,150,,
17070214201,MOWLUBER SSA LP SCHOOL,2025-12-04,12:19:32,,,Yes,Need Replacement,Yes,Need Replacement,Yes,-,Yes,-,Yes,-,-,-,,,,,,,0,,
17070102202,MUKHLA SHOHSHRIEH  WAH LPS,2025-12-03,13:08:15,20,10,Yes,Good Condition,Yes,Good Condition,Yes,-,Yes,-,No,-,-,-,No,No,No,No,,,30,,
17070202001,MULUM LPS WAHSHNONG,2025-12-03,15:09:48,0,11,Yes,Good Condition,Yes,Good Condition,Yes,-,Yes,-,Yes,-,-,-,No,No,No,No,,,11,,
17070112401,MURAP LPS,2025-12-04,10:54:45,0,8,Yes,Good Condition,Yes,Good Condition,Yes,-,Yes,-,Yes,-,-,-,,,,,,,8,,
17110102702,MURCHAPANI GOVT. LPS,2025-12-05,12:44:31,2,12,Yes,Need Replacement,Yes,Good Condition,Yes,-,Yes,-,Yes,-,-,-,No,Yes,No,Yes,,,14,,
17110102703,MURCHAPANI MAZEE COLONY SSA LPS,2025-12-01,12:36:12,4,19,Yes,Need Replacement,Yes,Need Replacement,Yes,-,Yes,-,Yes,-,-,-,No,No,Yes,Yes,,,23,,
17090104902,MUSNIANG GOVT LPS,2025-12-04,14:47:38,0,4,Yes,Good Condition,Yes,Good Condition,Yes,-,Yes,-,Yes,-,-,-,Yes,No,No,No,,,4,,
17070100402,MUSTEM EAST GOVT LPS,2025-12-03,11:34:30,7,2,Yes,Good Condition,Yes,Good Condition,Yes,-,Yes,-,Yes,-,-,-,Yes,Yes,Yes,Yes,,,9,,
17070200401,MYNKSAN GOVT LPS,2025-12-03,15:03:02,,,Yes,Need Minor Repair,Yes,Need Replacement,Yes,-,Yes,-,Yes,-,-,-,No,No,No,No,,,0,,
17110210202,NACHILPARA SONGGITAL LPS,2025-12-01,10:45:25,30,32,Yes,Need Replacement,Yes,Need Replacement,Yes,-,Yes,-,No,-,-,-,No,No,No,No,,,62,,
17010211402,NAJOKGRE SSA LPS,2025-12-02,08:25:18,,,Yes,Need Major Repair,Yes,Good Condition,Yes,-,Yes,-,Yes,-,-,-,No,Yes,Yes,Yes,,,0,,
17070112507,NAMDONG A LPS,2025-12-02,12:08:39,0,0,Yes,Good Condition,Yes,Good Condition,Yes,-,Yes,-,Yes,-,-,-,No,Yes,No,Yes,,,0,,
17110204601,NANDIRCHAR MOKTAB LPS,2025-12-02,09:43:15,23,78,Yes,Need Replacement,Yes,Good Condition,Yes,-,Yes,-,No,-,-,-,Yes,Yes,Yes,Yes,,,101,,
17070103506,NANGBAH IONGBIAM LPS,2025-12-01,13:38:48,0,25,Yes,Need Minor Repair,Yes,Good Condition,Yes,-,Yes,-,No,-,-,-,No,No,No,No,,,25,,
17020218601,NAPAK TANGKAMA L.P.SCHOOL,2025-12-03,13:16:28,25,22,Yes,Need Store Room,Yes,Need Replacement,Yes,-,Yes,-,No,-,-,-,No,Yes,Yes,Yes,,,47,,
17100119507,NATIVITY R.C. LPS,2025-12-01,14:41:12,62,172,Yes,Need Major Repair,Yes,Good Condition,Yes,-,Yes,-,No,-,-,-,Yes,No,No,No,,,234,,
17100209401,NAYAPARA LP,2025-12-02,12:09:09,,,Yes,Need Major Repair,Yes,Need Replacement,Yes,-,Yes,-,Yes,-,-,-,No,Yes,Yes,Yes,,,0,,
17010307501,NAYAPARA SAMSUK SSA LPS,2025-12-05,12:11:08,,,Yes,Need Minor Repair,Yes,Good Condition,Yes,-,Yes,-,Yes,-,-,-,,,,,,,0,,
17100100714,NELSON MEMO UPS,2025-12-02,13:03:21,0,8,Yes,Need Major Repair,Yes,Good Condition,Yes,-,Yes,-,Yes,-,-,-,Yes,No,Yes,Yes,,,8,,
17100100708,NELSON MEMO.LPS,2025-12-02,13:00:34,16,28,Yes,Need Major Repair,Yes,Good Condition,Yes,-,Yes,-,Yes,-,-,-,Yes,No,Yes,Yes,,,44,,
17020111702,NENGBROK UPGRADED U.P.SCHOOL,2025-12-01,10:58:25,27,10,Yes,Need Major Repair,No,Need Replacement,Yes,-,Yes,-,No,-,-,-,No,No,Yes,Yes,,,37,,
17110115002,NEPALGRE LPS,2025-12-01,12:58:09,0,16,Yes,Need Major Repair,Yes,Good Condition,Yes,-,Yes,-,Yes,-,-,-,No,No,No,No,,,16,,
17110203010,NEW GHUGRAKANDI LPS,2025-12-04,09:18:56,8,34,Yes,Need Store Room,Yes,Good Condition,Yes,-,Yes,-,Yes,-,-,-,No,Yes,Yes,Yes,,,42,,
17020206601,NEW KHERA L.P.S,2025-12-03,10:11:39,32,14,Yes,Good Condition,Yes,Good Condition,Yes,-,Yes,-,No,-,-,-,No,Yes,Yes,Yes,,,46,,
17110207503,NEW TARAPARA LPS,2025-12-05,09:52:59,0,12,Yes,Good Condition,Yes,Good Condition,Yes,-,Yes,-,Yes,-,-,-,No,Yes,Yes,Yes,,,12,,
17090114204,NEWHILL LPS RATACHERRA,2025-12-01,09:51:41,108,27,Yes,Need Replacement,Yes,Good Condition,Yes,-,Yes,-,Yes,-,-,-,No,Yes,Yes,Yes,,,135,,
17090105008,NIAMTRE LPS DONGWAHSHNONG,2025-12-01,13:37:06,,,Yes,Need Store Room,Yes,Good Condition,Yes,-,Yes,-,Yes,-,-,-,,,,,,,0,,
17070205701,NIAMTRE UPS PAMMANIK,2025-12-05,13:09:25,0,45,Yes,Good Condition,Yes,Need Replacement,Yes,-,Yes,-,No,-,-,-,No,No,No,No,,,45,,
17020111503,NOJENG MEMORIAL ENGLISH L.P. SCHOOL,2025-12-02,12:33:13,33,101,Yes,Need Major Repair,Yes,Need Replacement,Yes,-,Yes,-,Yes,-,-,-,,,,,,,134,,
17030214001,NOJINGPAGITTIM L.P.SCHOOL,2025-12-01,12:33:11,0,12,Yes,Need Minor Repair,Yes,Good Condition,Yes,-,Yes,-,Yes,-,-,-,Yes,No,Yes,No,,,12,,
17050304005,NONGBAH KHARSARI LPS,2025-12-04,14:09:13,,,Yes,Need Minor Repair,Yes,Need Replacement,No,Food Grain Not Received,Yes,-,No,-,-,-,,,,,,,0,,
17070103509,NONGBAH PRES. GOVT. LPS,2025-12-04,13:07:27,,,Yes,Need Replacement,Yes,Good Condition,No,Food Grain Not Received,Yes,-,Yes,-,-,-,No,Yes,No,No,,,0,,
17060107601,NONGKASEN LPS,2025-12-05,14:23:21,7,5,Yes,Need Minor Repair,Yes,Need Replacement,Yes,-,Yes,-,Yes,-,-,-,No,No,Yes,No,,,12,,
17070110702,NONGKHROH GOVT LPS,2025-12-05,09:26:51,0,14,Yes,Need Replacement,Yes,Good Condition,Yes,-,Yes,-,Yes,-,-,-,No,Yes,Yes,No,,,14,,
17040207802,NONGKLUNGRIM UPS,2025-12-03,11:50:37,6,8,Yes,Need Minor Repair,Yes,Good Condition,Yes,-,Yes,-,No,-,-,-,No,No,No,No,,,14,,
17040207703,NONGKYNJANG GOVT LPS,2025-12-02,13:17:48,45,80,Yes,Need Major Repair,Yes,Need Replacement,Yes,-,Yes,-,Yes,-,-,-,No,Yes,Yes,Yes,,,125,,
17070201905,NONGKYNRIH DCLPS,2025-12-01,12:32:37,6,10,Yes,Good Condition,Yes,Good Condition,Yes,-,Yes,-,Yes,-,-,-,No,Yes,No,No,,,16,,
17100109702,NONGMYLLAM RCLPS,2025-12-02,14:44:51,18,0,Yes,Need Major Repair,Yes,Good Condition,Yes,-,Yes,-,Yes,-,-,-,No,No,No,No,,,18,,
17060600401,NONGRIM GOVT LP,2025-12-04,14:21:59,0,19,No,Fully Damaged,Yes,Good Condition,Yes,-,Yes,-,Yes,-,-,-,,,,,,,19,,
17090110301,NONGSNING GOVT LPS,2025-12-01,11:32:06,0,0,Yes,Good Condition,Yes,Good Condition,Yes,-,Yes,-,No,-,-,-,No,No,Yes,Yes,,,0,,
17070113601,NONGSUTNGA DCLPS,2025-12-04,10:18:38,8,8,Yes,Good Condition,Yes,Good Condition,Yes,-,Yes,-,No,-,-,-,No,No,No,No,,,16,,
17060200502,NONGUMLONG SSA UP SCHOOL,2025-12-01,10:46:43,0,24,Yes,Need Major Repair,Yes,Good Condition,Yes,-,Yes,-,No,-,-,-,Yes,Yes,Yes,Yes,,,24,,
17010317901,ODALGURI GOVT. LPS,2025-12-02,09:31:45,,,Yes,Good Condition,Yes,Good Condition,Yes,-,Yes,-,No,-,-,-,,,,,,,0,,
17110104501,OKKAPARA DEFICIT UPS,2025-12-05,11:33:26,85,147,Yes,Need Store Room,Yes,Need Replacement,Yes,-,Yes,-,No,-,-,-,No,No,No,Yes,,,232,,
17080115101,OMORPUR L.P.SCHOOL,2025-12-01,08:56:24,14,30,Yes,Need Major Repair,Yes,Good Condition,Yes,-,Yes,-,-,-,-,-,No,No,Yes,Yes,,,44,,
17020118201,PAKREGRE  NOKMAGITTIM L.P. SCHOOL,2025-12-02,12:34:30,53,53,Yes,Need Replacement,Yes,Need Replacement,Yes,-,Yes,-,Yes,-,-,-,No,No,Yes,Yes,,,106,,
17070115701,PANALIAR GOVT LPS,2025-12-03,11:11:51,29,65,Yes,Good Condition,Yes,Need Replacement,Yes,-,Yes,-,Yes,-,-,-,Yes,Yes,Yes,Yes,,,94,,
17070115702,PANALIAR UPS,2025-12-05,11:09:40,12,66,Yes,Need Minor Repair,Yes,Need Replacement,Yes,-,Yes,-,Yes,-,-,-,Yes,Yes,Yes,Yes,,,78,,
17090109102,PDENGWAHKHYNRIAM LPS,2025-12-05,10:55:11,0,0,Yes,Need Minor Repair,Yes,Good Condition,No,Food Grain Not Received,Yes,-,Yes,-,-,-,No,Yes,Yes,Yes,,,0,,
17010515401,PILJIGRE LPS,2025-12-03,11:04:01,27,10,Yes,Need Replacement,Yes,Need Replacement,Yes,-,Yes,-,No,-,-,-,No,Yes,No,No,,,37,,
17060203701,POMKANIEW GOVT. LP SCHOOL,2025-12-02,10:50:03,220,40,Yes,Need Replacement,Yes,Good Condition,Yes,-,Yes,-,Yes,-,-,-,No,Yes,No,Yes,,,260,,
17110214301,PONCHAPARA LPS,2025-12-05,12:56:33,54,15,No,Fully Damaged,No,Need Replacement,Yes,-,Yes,-,Yes,-,-,-,No,No,No,No,,,69,,
17110110301,PURASINGGA GOVT. LPS,2025-12-01,09:53:12,3,4,Yes,Need Major Repair,Yes,Need Replacement,Yes,-,Yes,-,No,-,-,-,No,No,No,No,,,7,,
17110110302,PURASINGGA UPS,2025-12-02,15:41:57,3,7,Yes,Need Major Repair,Yes,Need Replacement,Yes,-,Yes,-,Yes,-,-,-,No,No,No,Yes,,,10,,
17070100703,PYNTHORLANGTEIN UPS,2025-12-01,10:11:49,0,1,Yes,Good Condition,Yes,Good Condition,Yes,-,Yes,-,No,-,-,-,No,Yes,No,No,,,1,,
17060206905,PYNTHORUMKHRAH LP POLO HILLS,2025-12-01,10:48:11,,,Yes,Need Minor Repair,Yes,Good Condition,Yes,-,Yes,-,Yes,-,-,-,,,,,,,0,,
17060302904,"R,N UMPHRUP GOVT. LP",2025-12-04,10:44:52,,,Yes,Need Minor Repair,Yes,Good Condition,Yes,-,Yes,-,Yes,-,-,-,,,,,,,0,,
17010104701,RAJANGGOLA LPS,2025-12-05,11:22:40,,,Yes,Need Major Repair,Yes,Need Replacement,Yes,-,Yes,-,No,-,-,-,,,,,,,0,,
17080116101,RAKSAM GENGNANG L.P.SCHOOL,2025-12-04,14:24:49,20,10,Yes,Need Replacement,Yes,Good Condition,Yes,-,Yes,-,Yes,-,-,-,No,No,Yes,Yes,,,30,,
17070201504,RALIANG RIATSOHPRIAM GOVT LPS,2025-12-01,12:12:08,7,16,No,Fully Damaged,Yes,Good Condition,Yes,-,Yes,-,Yes,-,-,-,Yes,No,No,No,,,23,,
17010115601,RAMDENGGAGRI SSA LPS,2025-12-01,13:17:56,9,12,Yes,Good Condition,Yes,Good Condition,Yes,-,Yes,-,Yes,-,-,-,No,Yes,Yes,Yes,,,21,,
17010100202,RAMJONGGRI UPS,2025-12-05,09:20:27,5,75,Yes,Need Major Repair,Yes,Need Replacement,Yes,-,Yes,-,Yes,-,-,-,No,Yes,No,Yes,,,80,,
17110103601,RANGGAPANI LPS,2025-12-01,10:26:12,0,13,Yes,Need Minor Repair,Yes,Need Replacement,Yes,-,Yes,-,No,-,-,-,No,No,Yes,Yes,,,13,,
17070110408,RC MISSION MOOKHANGKHLA LP SCHOOL SSA,2025-12-05,13:57:57,47,47,Yes,Need Major Repair,Yes,Need Replacement,Yes,-,Yes,-,Yes,-,-,-,No,Yes,No,No,,,94,,
17100101702,RCLPS MAWTHYNREW,2025-12-03,10:27:14,,,Yes,Need Major Repair,Yes,Need Replacement,Yes,-,Yes,-,Yes,-,-,-,No,Yes,Yes,Yes,,,0,,
17090107015,RIANGLAND LPS,2025-12-04,10:42:06,0,29,Yes,Good Condition,Yes,Good Condition,Yes,-,Yes,-,No,-,-,-,Yes,No,No,No,,,29,,
17070104006,RIATSALIYA NIAMTRE SSA LP SCHOOL MIHMYNTDU,2025-12-02,12:34:49,34,106,Yes,Good Condition,Yes,Good Condition,Yes,-,Yes,-,Yes,-,-,-,No,Yes,Yes,No,,,140,,
17100100804,RISING UPS,2025-12-05,14:39:46,1,46,Yes,Need Minor Repair,Yes,Good Condition,Yes,-,Yes,-,No,-,-,-,No,Yes,Yes,Yes,,,47,,
17100102502,RISINGSUN UPS NONGEITSER,2025-12-05,12:23:25,,,Yes,Need Major Repair,Yes,Good Condition,Yes,-,Yes,-,Yes,-,-,-,No,No,Yes,Yes,,,0,,
17060502904,RIWAH ROMAN CATHOLIC LP,2025-12-05,08:57:46,0,1,Yes,Need Minor Repair,Yes,Good Condition,Yes,-,Yes,-,No,-,-,-,Yes,No,Yes,Yes,,,1,,
17110211101,RONGCHUNGRE LPS,2025-12-03,14:26:18,2,16,Yes,Need Minor Repair,Yes,Need Replacement,Yes,-,Yes,-,Yes,-,-,-,No,No,Yes,Yes,,,18,,
17020111901,RONGGOMGITTIM L.P.SCHOOL,2025-12-01,11:10:44,0,12,Yes,Need Minor Repair,Yes,Good Condition,Yes,-,Yes,-,Yes,-,-,-,No,Yes,Yes,Yes,,,12,,
17080121201,RONGGOP RELIEF L.P.S.,2025-12-01,11:05:04,0,10,Yes,Need Major Repair,Yes,Need Replacement,Yes,-,Yes,-,No,-,-,-,No,No,No,Yes,,,10,,
17110216202,RONGKAIGRE CHAMBUGONGGITIM LPS,2025-12-03,10:11:29,11,5,Yes,Need Replacement,Yes,Need Replacement,Yes,-,Yes,-,Yes,-,-,-,No,No,No,Yes,,,16,,
17110216203,RONGKAIGRE SSA UPS,2025-12-03,13:07:16,2,13,Yes,Need Store Room,Yes,Good Condition,Yes,-,Yes,-,Yes,-,-,-,No,Yes,Yes,Yes,,,15,,
17010210101,RONGKHONGRE GOVT. LPS,2025-12-01,10:04:30,28,40,Yes,Need Replacement,Yes,Need Replacement,Yes,-,Yes,-,Yes,-,-,-,No,No,No,No,,,68,,
17020314801,RONGONGGRE U.P.S,2025-12-03,08:46:08,16,6,Yes,Need Major Repair,Yes,Good Condition,Yes,-,Yes,-,No,-,-,-,No,Yes,Yes,Yes,,,22,,
17110112101,RONGRAMGRE GOVT. LPS,2025-12-05,09:58:06,4,13,Yes,Need Major Repair,Yes,Good Condition,Yes,-,Yes,-,Yes,-,-,-,No,No,No,No,,,17,,
17020309003,RONGRENG BAIZA L.P.S,2025-12-01,12:53:18,12,18,Yes,Need Store Room,Yes,Need Replacement,Yes,-,Yes,-,Yes,-,-,-,Yes,Yes,Yes,Yes,,,30,,
17010128201,RONGSAIGRE GOVT. LP SCHOOL,2025-12-01,14:35:59,9,20,Yes,Need Major Repair,Yes,Need Replacement,Yes,-,Yes,-,Yes,-,-,-,,,,,,,29,,
17110215001,RONGSEPGRE GOVT. LPS,2025-12-01,14:52:48,63,8,Yes,Need Minor Repair,Yes,Need Replacement,Yes,-,Yes,-,Yes,-,-,-,No,No,No,No,,,71,,
17040123801,SALBARI LPS,2025-12-04,12:35:03,0,0,Yes,Good Condition,Yes,Good Condition,Yes,-,Yes,-,Yes,-,-,-,No,Yes,Yes,Yes,,,0,,
17110209702,SALMANPARA LPS,2025-12-02,13:54:15,13,28,Yes,Need Replacement,Yes,Need Replacement,Yes,-,Yes,-,No,-,-,-,No,No,No,No,,,41,,
17110111701,SAMATI GOVT. LPS,2025-12-01,10:05:01,0,35,Yes,Need Store Room,Yes,Need Replacement,Yes,-,Yes,-,No,-,-,-,No,Yes,No,No,,,35,,
17110206804,SANJANGPARA GIMBILGITTIM SSA LPS,2025-12-03,09:21:25,18,20,Yes,Need Replacement,Yes,Need Replacement,Yes,-,Yes,-,No,-,-,-,No,No,No,Yes,,,38,,
17070116603,SAPHOH WAIONG LPS,2025-12-03,08:12:57,31,3,Yes,Need Major Repair,Yes,Need Replacement,Yes,-,Yes,-,Yes,-,-,-,,,,,,,34,,
17110112601,SAPTHOKA LPS,2025-12-01,14:00:57,0,29,Yes,Need Minor Repair,Yes,Need Replacement,Yes,-,Yes,-,Yes,-,-,-,Yes,Yes,No,Yes,,,29,,
17110220401,SATBONI SSA UPS,2025-12-01,15:46:14,1,17,Yes,Good Condition,Yes,Good Condition,Yes,-,Yes,-,Yes,-,-,-,No,No,No,Yes,,,18,,
17070200912,SEINRAIJ LPS SSA MUKHAP,2025-12-02,09:01:15,19,106,Yes,Good Condition,Yes,Good Condition,Yes,-,Yes,-,Yes,-,-,-,Yes,No,No,No,,,125,,
17100112502,SENG KHASI LPS MAWSYNTIEW,2025-12-01,13:31:00,14,4,Yes,Good Condition,Yes,Need Replacement,Yes,-,Yes,-,Yes,-,-,-,No,No,No,No,,,18,,
17070206207,SHANGPUNG DIST PRES,2025-12-01,10:38:14,41,53,Yes,Good Condition,Yes,Good Condition,Yes,-,Yes,-,Yes,-,-,-,No,No,No,No,,,94,,
17070202802,SHANGPUNG KHLIEHRANGNAH GOVT. LPS,2025-12-02,09:17:06,42,129,Yes,Need Minor Repair,Yes,Good Condition,Yes,-,Yes,-,No,-,-,-,No,Yes,No,No,,,171,,
17070202501,SHANGPUNG PRES LPS,2025-12-03,12:29:11,,,Yes,Need Major Repair,Yes,Good Condition,Yes,-,Yes,-,Yes,-,-,-,,,,,,,0,,
17110116001,SHIPRAKUMALI GOVT. LPS,2025-12-01,10:27:32,0,13,Yes,Good Condition,Yes,Good Condition,Yes,-,Yes,-,No,-,-,-,No,No,No,No,,,13,,
17070300601,SHKENPYRSIT GOVT. PS,2025-12-05,13:09:52,,,Yes,Need Major Repair,Yes,Need Replacement,Yes,-,Yes,-,Yes,-,-,-,,,,,,,0,,
17070300702,SHKENTALANG GOVT. LPS,2025-12-05,15:46:37,,,Yes,Need Replacement,Yes,Good Condition,Yes,-,Yes,-,Yes,-,-,-,Yes,Yes,No,No,,,0,,
17100203801,SHNONGKALONG GOVT  LP,2025-12-02,11:30:18,,,Yes,Good Condition,Yes,Good Condition,Yes,-,Yes,-,Yes,-,-,-,No,Yes,Yes,Yes,,,0,,
17090205715,SHUR SHUR LPS JALAPHET,2025-12-01,12:33:03,5,127,Yes,Need Minor Repair,Yes,Good Condition,Yes,-,Yes,-,No,-,-,-,No,No,No,No,,,132,,
17010128504,SHYAMNAGAR GIRLS SSA UPS,2025-12-02,14:58:52,5,6,No,Fully Damaged,No,Need Replacement,Yes,-,Yes,-,No,-,-,-,No,Yes,Yes,Yes,,,11,,
17060702901,SISTER N. E. NICHOLS ROY SSA L.P SCHOOL,2025-12-03,11:32:26,,,Yes,Good Condition,Yes,Good Condition,Yes,-,Yes,-,Yes,-,-,-,,,,,,,0,,
17100118301,SKELIN MEMORIAL LPS,2025-12-04,13:33:10,0,0,Yes,Need Major Repair,Yes,Need Replacement,Yes,-,Yes,-,Yes,-,-,-,No,No,No,Yes,,,0,,
17080151702,SNALGRE L.P.SCHOOL,2025-12-01,09:54:25,56,33,Yes,Need Replacement,Yes,Need Replacement,Yes,-,Yes,-,Yes,-,-,-,No,No,No,No,,,89,,
17090100214,SOHKYMPHOR DONGIAW UPS,2025-12-03,13:20:18,0,34,No,Need Replacement,Yes,Good Condition,Yes,-,Yes,-,No,-,-,-,No,No,No,No,,,34,,
17090100202,SOHKYMPHOR WAH GOVT LPS,2025-12-05,09:31:27,11,49,Yes,Need Minor Repair,Yes,Good Condition,Yes,-,Yes,-,Yes,-,-,-,Yes,No,No,No,,,60,,
17070100106,SOHMYNTING DONGDIEN LPS,2025-12-02,11:44:35,0,4,Yes,Good Condition,Yes,Good Condition,Yes,-,Yes,-,-,-,-,-,Yes,Yes,Yes,Yes,,,4,,
17070100102,SOHMYNTING GOVT LPS,2025-12-02,11:46:07,80,71,Yes,Need Minor Repair,Yes,Good Condition,Yes,-,Yes,-,Yes,-,-,-,Yes,Yes,Yes,Yes,,,151,,
17110225503,SOMONPARA GOVT. LPS,2025-12-04,08:50:17,23,14,Yes,Good Condition,Yes,Good Condition,Yes,-,Yes,-,Yes,-,-,-,Yes,Yes,No,Yes,,,37,,
17110225502,SOMONPARA MEGAPGRE LPS,2025-12-02,10:37:12,20,14,Yes,Need Replacement,Yes,Need Replacement,Yes,-,Yes,-,Yes,-,-,-,No,No,No,Yes,,,34,,
17110112201,SONABILL GOVT. LPS,2025-12-01,15:41:07,4,8,Yes,Need Major Repair,Yes,Good Condition,Yes,-,Yes,-,No,-,-,-,No,No,No,No,,,12,,
17110111601,SONAMATTEE GOVT. (H) LPS,2025-12-02,11:25:21,2,10,Yes,Need Major Repair,Yes,Need Replacement,Yes,-,Yes,-,No,-,-,-,No,No,No,Yes,,,12,,
17010207401,SONGADINGGRE GOVT. LPS,2025-12-01,10:46:42,15,13,Yes,Need Minor Repair,Yes,Good Condition,Yes,-,Yes,-,Yes,-,-,-,No,Yes,Yes,Yes,,,28,,
17010311702,SONGGITCHAMGRE SSA UPS,2025-12-03,14:21:44,1,15,Yes,Need Replacement,Yes,Need Replacement,Yes,-,Yes,-,Yes,-,-,-,No,No,Yes,Yes,,,16,,
17110208901,SONGMAGRE ABRENGGITIM LPS,2025-12-02,10:14:06,5,16,Yes,Need Major Repair,Yes,Need Replacement,Yes,-,Yes,-,No,-,-,-,,,,,,,21,,
17100200104,ST CLARETT RCLP RAJAJU,2025-12-04,08:55:44,38,60,Yes,Need Minor Repair,Yes,Need Replacement,Yes,-,Yes,-,Yes,-,-,-,,,,,,,98,,
17110115702,SULGURI GOVT. LPS,2025-12-01,11:03:23,0,28,Yes,Need Replacement,Yes,Need Replacement,Yes,-,Yes,-,No,-,-,-,Yes,Yes,Yes,Yes,,,28,,
17090112602,SUNAPYRDI GOVT LPS,2025-12-04,11:06:55,5,6,Yes,Need Store Room,Yes,Good Condition,Yes,-,Yes,-,Yes,-,-,-,No,No,Yes,Yes,,,11,,
17070102316,SUNNY DALE SSA LPS,2025-12-05,09:36:20,0,35,Yes,Need Minor Repair,Yes,Good Condition,Yes,-,Yes,-,Yes,-,-,-,Yes,No,Yes,Yes,,,35,,
17090107013,SUNNY HILLS UPS,2025-12-05,14:18:02,11,30,Yes,Need Store Room,Yes,Good Condition,Yes,-,Yes,-,-,-,-,-,No,No,No,No,,,41,,
17110116501,TAKTAKI GOVT. LPS,2025-12-02,13:28:06,0,13,Yes,Good Condition,Yes,Good Condition,Yes,-,Yes,-,No,-,-,-,No,Yes,Yes,Yes,,,13,,
17110124001,TALLANGGRE SSA LPS,2025-12-01,12:19:42,0,0,Yes,Good Condition,Yes,Good Condition,Yes,-,Yes,-,No,-,-,-,No,No,No,No,,,0,,
17110119501,TALLANG-MANGGAGRE LPS,2025-12-01,11:05:49,,,Yes,Need Major Repair,Yes,Good Condition,Yes,-,Yes,-,No,-,-,-,,,,,,,0,,
17070109103,TAMU UPS- SSA,2025-12-03,12:45:27,0,0,Yes,Good Condition,Yes,Need Replacement,Yes,-,Yes,-,No,-,-,-,No,No,No,No,,,0,,
17110109403,TANGABARI GOVT. LPS,2025-12-05,08:55:18,1,24,Yes,Good Condition,No,Need Replacement,Yes,-,Yes,-,No,-,-,-,No,Yes,Yes,Yes,,,25,,
17110108702,TEPORPARA GOVT. LPS,2025-12-02,13:36:27,45,85,Yes,Good Condition,Yes,Good Condition,Yes,-,Yes,-,No,-,-,-,No,Yes,Yes,Yes,,,130,,
17070211501,THADBAMON GOVT LPS,2025-12-02,10:39:39,0,4,Yes,Good Condition,Yes,Good Condition,Yes,-,Yes,-,Yes,-,-,-,No,Yes,No,No,,,4,,
17070211301,THADIALONG LPS,2025-12-03,09:45:52,1,6,Yes,Good Condition,Yes,Good Condition,Yes,-,Yes,-,Yes,-,-,-,Yes,No,No,No,,,7,,
17040132902,THIEPJAPHLANG UPS,2025-12-01,10:36:41,20,46,Yes,Need Major Repair,Yes,Need Replacement,Yes,-,Yes,-,Yes,-,-,-,No,Yes,Yes,Yes,,,66,,
17070115109,TOME MEMORIAL LPS,2025-12-03,10:03:35,10,179,Yes,Good Condition,Yes,Good Condition,Yes,-,Yes,-,Yes,-,-,-,Yes,Yes,Yes,Yes,,,189,,
17070115113,TOME MEMORIAL UPS- MOORALONG- JOWAI,2025-12-01,10:09:47,0,141,Yes,Need Major Repair,Yes,Good Condition,Yes,-,Yes,-,No,-,-,-,Yes,Yes,Yes,Yes,,,141,,
17110223701,TORANGPARA LPS,2025-12-01,08:35:45,5,32,Yes,Need Major Repair,Yes,Need Replacement,Yes,-,Yes,-,No,-,-,-,No,No,No,No,,,37,,
17090100603,TUBER KMAISHNONG GOVT LPS,2025-12-01,11:06:27,8,55,Yes,Need Major Repair,Yes,Good Condition,Yes,-,Yes,-,No,-,-,-,No,No,Yes,Yes,,,63,,
17070311005,TYMPANG CLUB NONGTALANG LPS,2025-12-03,12:43:28,0,24,Yes,Need Minor Repair,Yes,Need Replacement,Yes,-,Yes,-,Yes,-,-,-,No,No,Yes,Yes,,,24,,
17070115108,TYNDOWAPUNG LPS,2025-12-05,10:34:11,21,8,Yes,Good Condition,Yes,Good Condition,Yes,-,Yes,-,Yes,-,-,-,No,Yes,Yes,Yes,,,29,,
17050202101,UMEIT LP SCHOOL,2025-12-04,10:13:45,,,Yes,Need Replacement,Yes,Good Condition,Yes,-,Yes,-,Yes,-,-,-,,,,,,,0,,
17040405103,UMJEI RCLPS,2025-12-02,09:04:46,0,0,Yes,Need Store Room,Yes,Need Replacement,Yes,-,Yes,-,Yes,-,-,-,No,Yes,Yes,Yes,,,0,,
17070105401,UMLADANG LPS,2025-12-03,13:58:26,1,5,Yes,Need Store Room,Yes,Good Condition,Yes,-,Yes,-,Yes,-,-,-,Yes,Yes,No,No,,,6,,
17070207001,UMSALAIT GOVT LPS,2025-12-03,10:34:03,0,11,No,Need Replacement,Yes,Good Condition,Yes,-,Yes,-,Yes,-,-,-,No,No,No,No,,,11,,
17050100902,UP SCHOOL PAHAMBIR LUM,2025-12-04,11:06:15,7,3,Yes,Good Condition,Yes,Good Condition,Yes,-,Yes,-,No,-,-,-,No,Yes,Yes,Yes,,,10,,
17110214101,UPPER HULLUKONA GOVT. LPS,2025-12-03,09:31:57,,,Yes,Good Condition,Yes,Good Condition,Yes,-,Yes,-,Yes,-,-,-,,,,,,,0,,
17070115903,VALABHAI PATEL IAWMUSIANG GOVT LPS,2025-12-01,13:35:33,0,46,Yes,Good Condition,Yes,Good Condition,Yes,-,Yes,-,Yes,-,-,-,Yes,Yes,Yes,Yes,,,46,,
17070103202,WAHIAJER MAYA CLUB LPS,2025-12-01,11:55:41,27,102,Yes,Need Replacement,Yes,Good Condition,Yes,-,Yes,-,Yes,-,-,-,Yes,Yes,Yes,No,,,129,,
17070110412,WAHIONGBANG LPS,2025-12-03,13:58:05,27,50,Yes,Need Major Repair,Yes,Need Replacement,Yes,-,Yes,-,Yes,-,-,-,No,Yes,No,No,,,77,,
17070101703,WAHRYMBAI RC LPS,2025-12-01,10:48:40,4,28,Yes,Need Major Repair,Yes,Good Condition,Yes,-,Yes,-,Yes,-,-,-,Yes,No,No,No,,,32,,
17100109602,WAHSIEJ GOVT LPS,2025-12-04,13:27:33,16,35,Yes,Need Major Repair,Yes,Good Condition,Yes,-,Yes,-,Yes,-,-,-,No,No,No,No,,,51,,
17110105802,WAKKA KAMAGRE SSA UPS,2025-12-03,10:53:17,9,10,Yes,Need Major Repair,Yes,Need Replacement,Yes,-,Yes,-,Yes,-,-,-,Yes,No,No,No,,,19,,
17110106502,WAKKAGRE SSA UPS,2025-12-01,15:03:19,3,0,Yes,Good Condition,Yes,Good Condition,Yes,-,Yes,-,Yes,-,-,-,No,No,No,No,,,3,,
17110105801,WAKKA-KAMAGRE LPS,2025-12-01,15:10:44,1,15,Yes,Good Condition,Yes,Good Condition,Yes,-,Yes,-,Yes,-,-,-,Yes,Yes,Yes,Yes,,,16,,
17010111101,WANOKGRE SSA LPS,2025-12-03,09:24:40,25,1,Yes,Good Condition,Yes,Good Condition,Yes,-,Yes,-,Yes,-,-,-,,,,,,,26,,
17080215501,WARAMJA GOVT. L.P.S,2025-12-01,12:46:58,0,0,Yes,Need Store Room,Yes,Good Condition,Yes,-,Yes,-,No,-,-,-,No,No,No,Yes,,,0,,
17080101602,DARAM CHARITY U.P.SCHOOL,2025-12-01,12:08:42,2,21,Yes,Need Major Repair,Yes,Need Replacement,Yes,-,Yes,-,No,-,-,-,No,No,Yes,Yes,,,23,,
17110203601,KULLUPARA ADHOC LPS,2025-12-04,13:06:48,6,12,Yes,Need Minor Repair,Yes,Good Condition,Yes,-,Yes,-,No,-,-,-,No,Yes,Yes,Yes,,,18,,
17040215202,RAMSNGIWAR UPS,2025-12-03,11:26:27,22,12,Yes,Need Major Repair,Yes,Good Condition,Yes,-,Yes,-,Yes,-,-,-,No,Yes,Yes,Yes,,,34,,
17010403001,CHIBRAGRE ADHOC UP SCHOOL,2025-12-01,09:28:29,0,2,Yes,Need Minor Repair,Yes,Good Condition,Yes,-,Yes,-,No,-,-,-,No,No,No,Yes,,,2,,
17110211501,ANANGPARA UPS,2025-12-01,15:06:28,5,10,Yes,Need Replacement,Yes,Need Replacement,Yes,-,Yes,-,No,-,-,-,No,No,No,No,,,15,,
17110211701,ANANGPARA SONGMA LPS,2025-12-02,10:56:01,4,7,Yes,Need Minor Repair,Yes,Good Condition,Yes,-,Yes,-,No,-,-,-,No,Yes,Yes,Yes,,,11,,
17040242207,MAWIAWBAN PRES LPS,2025-12-04,11:55:13,40,10,Yes,Good Condition,Yes,Good Condition,Yes,-,Yes,-,Yes,-,-,-,No,Yes,Yes,Yes,,,50,,
17110216101,KANGKANGGRE UPS,2025-12-04,14:49:11,7,15,Yes,Need Major Repair,Yes,Need Replacement,Yes,-,Yes,-,No,-,-,-,No,No,Yes,Yes,,,22,,
17110217901,DIMILGRE UPS,2025-12-05,13:01:35,4,20,Yes,Need Minor Repair,Yes,Need Replacement,Yes,-,Yes,-,No,-,-,-,No,Yes,Yes,Yes,,,24,,
17110219901,NEW DHAKDHAKIPARA LPS,2025-12-04,13:58:55,5,15,Yes,Need Minor Repair,Yes,Need Replacement,Yes,-,Yes,-,No,-,-,-,No,No,Yes,Yes,,,20,,
17080134201,DILMA MONGPANGGRE U.P.SCHOOL,2025-12-01,14:31:58,3,21,Yes,Need Major Repair,Yes,Need Replacement,Yes,-,Yes,-,Yes,-,-,-,No,Yes,Yes,Yes,,,24,,
17100100802,SOHKHYLLAM RCLPS,2025-12-01,12:52:20,3,15,Yes,Good Condition,Yes,Need Replacement,Yes,-,Yes,-,Yes,-,-,-,No,Yes,Yes,Yes,,,18,,
17040247801,MAWLANGNIANG PRES LPS,2025-12-01,13:02:41,19,24,Yes,Good Condition,Yes,Need Replacement,Yes,-,Yes,-,No,-,-,-,No,Yes,Yes,Yes,,,43,,
17010300601,RONI ASIM ADHOC UPS,2025-12-04,13:31:27,5,24,Yes,Need Major Repair,Yes,Good Condition,Yes,-,Yes,-,No,-,-,-,,,,,,,29,,
17100103101,JYRWA UPS,2025-12-04,15:40:15,0,6,Yes,Good Condition,Yes,Good Condition,Yes,-,Yes,-,Yes,-,-,-,No,No,No,No,,,6,,
17060902005,MAWPREM PRES NEPALI UP SCHOOL,2025-12-02,12:32:08,0,11,Yes,Good Condition,Yes,Good Condition,Yes,-,Yes,-,Yes,-,-,-,Yes,Yes,Yes,Yes,,,11,,
17070102901,SAW BALANG UPS- SOHPHOH,2025-12-02,08:29:55,0,0,Yes,Need Major Repair,Yes,Need Replacement,Yes,-,Yes,-,Yes,-,-,-,Yes,No,No,No,,,0,,
17100108206,J J M COG LPS,2025-12-01,08:33:51,20,2,Yes,Need Minor Repair,Yes,Need Replacement,Yes,-,Yes,-,No,-,-,-,Yes,Yes,Yes,No,,,22,,
17070108901,KHANDULI UPS,2025-12-02,14:42:06,6,55,Yes,Need Major Repair,Yes,Need Replacement,Yes,-,Yes,-,Yes,-,-,-,Yes,No,Yes,Yes,,,61,,
17090205716,JALAPHET UPS,2025-12-03,13:11:40,9,122,Yes,Need Replacement,Yes,Good Condition,Yes,-,Yes,-,Yes,-,-,-,No,Yes,Yes,No,,,131,,
17070200901,MUKHAP UPS,2025-12-05,12:52:56,9,86,Yes,Need Minor Repair,Yes,Need Replacement,Yes,-,Yes,-,Yes,-,-,-,Yes,No,No,No,,,95,,
17070211205,SHILLIANGMYNTANG PRES UPS,2025-12-05,13:19:11,0,80,Yes,Need Replacement,Yes,Need Replacement,No,Food Grain Not Received,Yes,-,Yes,-,-,-,Yes,No,No,No,,,80,,
17070202701,LUMMUROO UPS,2025-12-02,13:16:25,121,121,Yes,Need Minor Repair,Yes,Good Condition,Yes,-,Yes,-,Yes,-,-,-,No,No,Yes,Yes,,,242,,
17100119516,LITTLE STAR SEC. (UPS SECTION),2025-12-01,12:41:24,25,160,Yes,Good Condition,Yes,Good Condition,Yes,-,Yes,-,No,-,-,-,Yes,Yes,Yes,Yes,,,185,,
17070110401,NONGLATEM UPS,2025-12-05,15:07:34,55,66,Yes,Need Replacement,Yes,Need Replacement,Yes,-,Yes,-,Yes,-,-,-,No,Yes,Yes,Yes,,,121,,
17040103602,THAIEM RCLP,2025-12-04,10:02:54,2,18,Yes,Need Minor Repair,Yes,Good Condition,Yes,-,Yes,-,No,-,-,-,No,Yes,No,No,,,20,,
17060206940,PYNTHORUMKHRAH PRES. UP SCHOOL,2025-12-01,09:13:18,5,57,Yes,Good Condition,Yes,Good Condition,Yes,-,Yes,-,Yes,-,-,-,Yes,Yes,Yes,Yes,,,62,,
17030117101,DEPOTAGRE L.P.S.,2025-12-02,10:59:00,1,12,Yes,Need Minor Repair,No,Need Replacement,Yes,-,Yes,-,No,-,-,-,No,No,Yes,Yes,,,13,,
17040128101,MADANJAIAW LPS,2025-12-02,12:51:45,136,19,Yes,Need Major Repair,Yes,Good Condition,Yes,-,Yes,-,Yes,-,-,-,No,No,Yes,Yes,,,155,,
17040200401,B JAHRIN CHRISTIAN UPS,2025-12-04,12:58:33,,,Yes,Need Minor Repair,Yes,Good Condition,Yes,-,Yes,-,Yes,-,-,-,No,No,Yes,Yes,,,0,,
17080111301,KATDONGRI L.P.SCHOOL,2025-12-01,11:45:03,20,4,Yes,Good Condition,Yes,Good Condition,Yes,-,Yes,-,Yes,-,-,-,,,,,,,24,,
17110100307,ST.CLARET AMPATI LPS,2025-12-02,13:59:04,769,244,Yes,Good Condition,Yes,Good Condition,Yes,-,Yes,-,No,-,-,-,Yes,Yes,Yes,Yes,,,1013,,
17080116501,GOSINGPITA BAKRA L.P.SCHOOL,2025-12-01,11:42:20,0,3,Yes,Need Minor Repair,No,Need Replacement,Yes,-,Yes,-,No,-,-,-,No,Yes,Yes,Yes,,,3,,
17090105901,WAHSARANG LPS,2025-12-04,14:32:19,56,22,Yes,Good Condition,Yes,Good Condition,Yes,-,Yes,-,No,-,-,-,No,No,No,Yes,,,78,,
17060503206,MAWHIANG DOMSOHJHUR RCLPS,2025-12-05,08:08:08,0,14,Yes,Need Store Room,Yes,Good Condition,Yes,-,Yes,-,No,-,-,-,No,No,No,Yes,,,14,,
17080201201,UPPER BOLSALDAM L.P.S.,2025-12-01,13:35:14,,,Yes,Good Condition,Yes,Good Condition,Yes,-,Yes,-,Yes,-,-,-,,,,,,,0,,
17110118301,RONGSANGGRE UPS,2025-12-05,13:32:15,4,19,Yes,Good Condition,Yes,Good Condition,Yes,-,Yes,-,Yes,-,-,-,No,No,No,No,,,23,,
