_id,blockName,districtID,createDate,__v,govtBlockId,updatedAt,createdAt
660f8d79ecf58e7e735f49ec,MAWLAI,65e6b420805e43c45e04c5a4,2024-04-05T05:34:49.206Z,0,170612,2024-07-26T08:26:09.101Z,
65e6bc9650589fd545144695,KHATAR SHNONG - LAITKROH,65e6b420805e43c45e04c5a4,2024-03-05T06:32:54.735Z,0,170608,2024-07-26T08:27:47.487Z,
66a35e17847ef156cad45722,TIKRIKILLA,660d0192d83fdbd7e0e8126d,2024-07-26T08:28:07.976Z,0,170103,2024-07-26T08:28:07.977Z,2024-07-26T08:28:07.977Z
66a35e39847ef156cad4577e,DEMDEMA,660d0192d83fdbd7e0e8126d,2024-07-26T08:28:41.248Z,0,170108,2024-07-26T08:28:41.249Z,2024-07-26T08:28:41.249Z
66a35d91847ef156cad455df,LASKEIN,66a35ba2847ef156cad45591,2024-07-26T08:25:53.415Z,0,170702,2024-07-26T08:25:53.417Z,2024-07-26T08:25:53.417Z
67c6b7eee202caba8817900f,DAMALGRE,67c6ada157f5829f07d44cfc,2025-03-04T08:21:02.451Z,0,171103,2025-03-04T08:21:02.454Z,2025-03-04T08:21:02.454Z
67c6b80be202caba8817928d,MAWKYRWAT,67c6b80be202caba8817928a,2025-03-04T08:21:31.672Z,0,171001,2025-03-04T08:21:31.673Z,2025-03-04T08:21:31.673Z
66a36eb941e59281263c361d,RONGJENG,66a35e0c847ef156cad45701,2024-07-26T09:39:05.063Z,0,170201,2024-07-26T09:39:05.064Z,2024-07-26T09:39:05.064Z
66a35ba2847ef156cad45594,THADLASKEIN,66a35ba2847ef156cad45591,2024-07-26T08:17:38.916Z,0,170701,2024-07-26T08:17:38.917Z,2024-07-26T08:17:38.917Z
66a36c0d853f3e622c52761c,SONGSAK,66a35e0c847ef156cad45701,2024-07-26T09:27:41.691Z,0,170202,2024-07-26T09:27:41.692Z,2024-07-26T09:27:41.692Z
65e6ba7050589fd545144673,MAWSYNRAM,65e6b420805e43c45e04c5a4,2024-03-05T06:23:44.029Z,0,170605,2024-07-26T08:27:28.341Z,
66a36c57853f3e622c527689,SELSELLA,660d0192d83fdbd7e0e8126d,2024-07-26T09:28:55.663Z,0,170101,2024-07-26T09:28:55.664Z,2024-07-26T09:28:55.664Z
66a35e2c847ef156cad45759,RONGRAM,660d0192d83fdbd7e0e8126d,2024-07-26T08:28:28.302Z,0,170104,2024-07-26T08:28:28.302Z,2024-07-26T08:28:28.302Z
65e6bb9d50589fd545144688,PYNURSLA,65e6b420805e43c45e04c5a4,2024-03-05T06:28:45.472Z,0,170607,2024-07-26T08:27:39.984Z,
66a35e24847ef156cad45743,GAMBEGRE,660d0192d83fdbd7e0e8126d,2024-07-26T08:28:20.825Z,0,170106,2024-07-26T08:28:20.825Z,2024-07-26T08:28:20.825Z
660f8da7ecf58e7e735f49ef,MAWPAT,65e6b420805e43c45e04c5a4,2024-04-05T05:35:35.529Z,0,170611,2024-07-26T08:26:07.185Z,
65e6bcde50589fd5451446a1,SHILLONG MUNICIPAL AND CANTT.,65e6b420805e43c45e04c5a4,2024-03-05T06:34:06.876Z,0,170609,2024-07-26T08:20:03.810Z,
67c6b7f7e202caba881790d4,ZIKZAK,67c6ada157f5829f07d44cfc,2025-03-04T08:21:11.560Z,0,171102,2025-03-04T08:21:11.561Z,2025-03-04T08:21:11.561Z
67c6baabba986c86a925336a,BAJENGDOBA,67c6ba9aba986c86a92531f0,2025-03-04T08:32:43.298Z,0,170803,2025-03-04T08:32:43.299Z,2025-03-04T08:32:43.299Z
67c6bac1ba986c86a9253556,RONGARA,67c6ada257f5829f07d44d07,2025-03-04T08:33:05.014Z,0,170303,2025-03-04T08:33:05.014Z,2025-03-04T08:33:05.014Z
66a36d373fae128449d03aad,UMSNING,66a36d363fae128449d03aaa,2024-07-26T09:32:39.106Z,0,170502,2024-07-26T09:32:39.106Z,2024-07-26T09:32:39.106Z
66a36eaf41e59281263c35e9,JIRANG,66a36d363fae128449d03aaa,2024-07-26T09:38:55.819Z,0,170503,2024-07-26T09:38:55.825Z,2024-07-26T09:38:55.825Z
66a35e0c847ef156cad45704,SAMANDA,66a35e0c847ef156cad45701,2024-07-26T08:27:56.746Z,0,170203,2024-07-26T08:27:56.748Z,2024-07-26T08:27:56.748Z
66a35dc2847ef156cad4565c,TURA URBAN AREA,660d0192d83fdbd7e0e8126d,2024-07-26T08:26:42.871Z,0,170107,2024-07-26T08:26:42.872Z,2024-07-26T08:26:42.872Z
67c6b801e202caba881791a6,MAIRANG,67c6b7fee202caba8817916b,2025-03-04T08:21:21.021Z,0,170403,2025-03-04T08:21:21.022Z,2025-03-04T08:21:21.022Z
66a35e19847ef156cad45729,DALU,660d0192d83fdbd7e0e8126d,2024-07-26T08:28:09.914Z,0,170105,2024-07-26T08:28:09.914Z,2024-07-26T08:28:09.914Z
65e6b63850589fd545144658,MAWPHLANG,65e6b420805e43c45e04c5a4,2024-03-05T06:05:44.904Z,0,170601,2024-07-26T08:20:09.499Z,
65e6b7c250589fd54514465e,MAWKYNREW,65e6b420805e43c45e04c5a4,2024-03-05T06:12:18.969Z,0,170604,2024-07-26T08:27:20.796Z,
65e6b4e70346b321cc356a68,SOHIONG,65e6b420805e43c45e04c5a4,2024-03-05T06:00:07.175Z,0,170610,2024-07-26T08:20:05.721Z,
67c6b83ae202caba8817957e,BETASING,67c6ada157f5829f07d44cfc,2025-03-04T08:22:18.867Z,0,171101,2025-03-04T08:22:18.869Z,2025-03-04T08:22:18.869Z
67c6b83fe202caba881795c4,RANIKOR,67c6b80be202caba8817928a,2025-03-04T08:22:23.021Z,0,171002,2025-03-04T08:22:23.022Z,2025-03-04T08:22:23.022Z
67c6baafba986c86a92533d7,KHARKUTTA,67c6ba9aba986c86a92531f0,2025-03-04T08:32:47.874Z,0,170802,2025-03-04T08:32:47.875Z,2025-03-04T08:32:47.875Z
66a36f8b41e59281263c3721,UMLING,66a36d363fae128449d03aaa,2024-07-26T09:42:35.479Z,0,170501,2024-07-26T09:42:35.480Z,2024-07-26T09:42:35.480Z
67c6b7fee202caba88179175,KHLIEHRIAT,67c6b7fee202caba88179172,2025-03-04T08:21:18.865Z,0,170901,2025-03-04T08:21:18.867Z,2025-03-04T08:21:18.867Z
66a35c2d847ef156cad455a9,AMLAREM,66a35ba2847ef156cad45591,2024-07-26T08:19:57.724Z,0,170703,2024-07-26T08:19:57.729Z,2024-07-26T08:19:57.729Z
65e6bb3750589fd54514467f,SHELLA BHOLAGANJ,65e6b420805e43c45e04c5a4,2024-03-05T06:27:03.876Z,0,170606,2024-07-26T07:51:26.765Z,
67c6b7efe202caba88179029,CHOKPOT,67c6ada257f5829f07d44d07,2025-03-04T08:21:03.494Z,0,170301,2025-03-04T08:21:03.494Z,2025-03-04T08:21:03.494Z
67c6b812e202caba88179302,MAWSHYNRUT,67c6b7ffe202caba88179189,2025-03-04T08:21:38.345Z,0,170401,2025-03-04T08:21:38.346Z,2025-03-04T08:21:38.346Z
660f8dbdecf58e7e735f49f2,MAWRYNGKNENG,65e6b420805e43c45e04c5a4,2024-04-05T05:35:57.428Z,0,170603,2024-07-26T08:27:16.989Z,
66a35e10847ef156cad45710,DADENGGRE,660d0192d83fdbd7e0e8126d,2024-07-26T08:28:00.614Z,0,170102,2024-07-26T08:28:00.614Z,2024-07-26T08:28:00.614Z
67c6ba9aba986c86a92531f3,RESUBELPARA,67c6ba9aba986c86a92531f0,2025-03-04T08:32:26.598Z,0,170801,2025-03-04T08:32:26.599Z,2025-03-04T08:32:26.599Z
66a372cbe38fbe7dc09d0c2e,BHOIRYMBONG,66a36d363fae128449d03aaa,2024-07-26T09:56:27.850Z,0,170504,2024-07-26T09:56:27.859Z,2024-07-26T09:56:27.859Z
67c6b7ffe202caba8817918c,NONGSTOIN,67c6b7ffe202caba88179189,2025-03-04T08:21:19.924Z,0,170402,2025-03-04T08:21:19.925Z,2025-03-04T08:21:19.925Z
67c6baadba986c86a9253395,BAGHMARA,67c6ada257f5829f07d44d07,2025-03-04T08:32:45.091Z,0,170302,2025-03-04T08:32:45.092Z,2025-03-04T08:32:45.092Z
65e6b5ef50589fd545144652,MYLLIEM,65e6b420805e43c45e04c5a4,2024-03-05T06:04:31.178Z,0,170602,2024-07-26T08:20:11.523Z,
67c6b819e202caba88179399,SAIPUNG,67c6b7fee202caba88179172,2025-03-04T08:21:45.204Z,0,170902,2025-03-04T08:21:45.204Z,2025-03-04T08:21:45.204Z
67c6ba90ba986c86a9253104,MAWTHADRAISHAN,67c6b7fee202caba8817916b,2025-03-04T08:32:16.676Z,0,170404,2025-03-04T08:32:16.677Z,2025-03-04T08:32:16.677Z
67c6bb15ba986c86a9253cfa,GASUAPARA,67c6ada257f5829f07d44d07,2025-03-04T08:34:29.640Z,0,170304,2025-03-04T08:34:29.640Z,2025-03-04T08:34:29.640Z
